-- phpMyAdmin SQL Dump
-- version 5.1.1
-- https://www.phpmyadmin.net/
--
-- Máy chủ: 127.0.0.1
-- Thời gian đã tạo: Th7 12, 2023 lúc 05:51 PM
-- Phiên bản máy phục vụ: 10.4.22-MariaDB
-- Phiên bản PHP: 7.4.27

SET SQL_MODE = "NO_AUTO_VALUE_ON_ZERO";
START TRANSACTION;
SET time_zone = "+00:00";


/*!40101 SET @OLD_CHARACTER_SET_CLIENT=@@CHARACTER_SET_CLIENT */;
/*!40101 SET @OLD_CHARACTER_SET_RESULTS=@@CHARACTER_SET_RESULTS */;
/*!40101 SET @OLD_COLLATION_CONNECTION=@@COLLATION_CONNECTION */;
/*!40101 SET NAMES utf8mb4 */;

--
-- Cơ sở dữ liệu: `blog`
--

-- --------------------------------------------------------

--
-- Cấu trúc bảng cho bảng `articles`
--

CREATE TABLE `articles` (
  `id` bigint(20) UNSIGNED NOT NULL,
  `id_user` int(11) NOT NULL,
  `title` varchar(255) COLLATE utf8mb4_unicode_ci NOT NULL,
  `content` longtext COLLATE utf8mb4_unicode_ci NOT NULL,
  `created_at` timestamp NULL DEFAULT NULL,
  `updated_at` timestamp NULL DEFAULT NULL
) ENGINE=InnoDB DEFAULT CHARSET=utf8mb4 COLLATE=utf8mb4_unicode_ci;

--
-- Đang đổ dữ liệu cho bảng `articles`
--

INSERT INTO `articles` (`id`, `id_user`, `title`, `content`, `created_at`, `updated_at`) VALUES
(20, 1, 'NGINX là gì? Tổng quan về NGINX', '<p>\r\n\r\n<p style=\" margin-bottom: 26px; overflow-wrap: break-word; color: rgb(34, 34, 34); font-family: Verdana, BlinkMacSystemFont, -apple-system, &quot;Segoe UI&quot;, Roboto, Oxygen, Ubuntu, Cantarell, &quot;Open Sans&quot;, &quot;Helvetica Neue&quot;, sans-serif; font-size: 15px; background-color: rgb(255, 255, 255)\"><strong style=\" font-weight: bold\">NGINX<span>&nbsp;</span></strong>là một web server mạnh mẽ mã nguồn mở. Nginx sử dụng kiến trúc đơn luồng, hướng sự kiện vì thế nó hiệu quả hơn Apache server. Nó cũng có thể làm những thứ quan trọng khác, chẳng hạn như load balancing, HTTP caching, hay sử dụng như một reverse proxy. Nginx là kiến thức không thể thiếu đối với một web developer, system administrator hay devops.</p><p style=\" margin-bottom: 26px; overflow-wrap: break-word; color: rgb(34, 34, 34); font-family: Verdana, BlinkMacSystemFont, -apple-system, &quot;Segoe UI&quot;, Roboto, Oxygen, Ubuntu, Cantarell, &quot;Open Sans&quot;, &quot;Helvetica Neue&quot;, sans-serif; font-size: 15px; background-color: rgb(255, 255, 255); text-align: center\"><img decoding=\"async\" width=\"800\" height=\"465\" data-srcset=\"https://topdev.vn/blog/wp-content/uploads/2019/04/nginx-la-gi.png 800w, https://topdev.vn/blog/wp-content/uploads/2019/04/nginx-la-gi-300x174.png 300w, https://topdev.vn/blog/wp-content/uploads/2019/04/nginx-la-gi-768x446.png 768w, https://topdev.vn/blog/wp-content/uploads/2019/04/nginx-la-gi-696x405.png 696w, https://topdev.vn/blog/wp-content/uploads/2019/04/nginx-la-gi-723x420.png 723w\" data-src=\"https://topdev.vn/blog/wp-content/uploads/2019/04/nginx-la-gi.png\" data-sizes=\"(max-width: 800px) 100vw, 800px\" class=\"alignnone size-full wp-image-27636 lazyloaded\" src=\"https://topdev.vn/blog/wp-content/uploads/2019/04/nginx-la-gi.png\" loading=\"lazy\" sizes=\"(max-width: 800px) 100vw, 800px\" srcset=\"https://topdev.vn/blog/wp-content/uploads/2019/04/nginx-la-gi.png 800w, https://topdev.vn/blog/wp-content/uploads/2019/04/nginx-la-gi-300x174.png 300w, https://topdev.vn/blog/wp-content/uploads/2019/04/nginx-la-gi-768x446.png 768w, https://topdev.vn/blog/wp-content/uploads/2019/04/nginx-la-gi-696x405.png 696w, https://topdev.vn/blog/wp-content/uploads/2019/04/nginx-la-gi-723x420.png 723w\" style=\" height: auto; max-width: 100%; margin: 0px 5px; opacity: 1; transition: opacity 400ms ease 0ms; display: inline-block\" /></p><h2 id=\"cac-moc-ra-doi-va-phat-trien-cua-nginx\" class=\"ftwp-heading\" style=\" font-family: Roboto, sans-serif; color: rgb(17, 17, 17); margin: 30px 0px 20px; font-size: 27px; line-height: 38px; background-color: rgb(255, 255, 255)\"><strong style=\" font-weight: bold\">Các mốc ra đời và phát triển của Nginx</strong></h2><p style=\" margin-bottom: 26px; overflow-wrap: break-word; color: rgb(34, 34, 34); font-family: Verdana, BlinkMacSystemFont, -apple-system, &quot;Segoe UI&quot;, Roboto, Oxygen, Ubuntu, Cantarell, &quot;Open Sans&quot;, &quot;Helvetica Neue&quot;, sans-serif; font-size: 15px; background-color: rgb(255, 255, 255)\">Năm 2002, Igor Sysoev phát triển Nginx ban đầu và công bố lần đầu vào năm 2004. Tháng 7 năm 2011, công ty Nginx Inc được thành lập với trụ sở đầu tiên tại San Francisco, California, USA.</p><h2 id=\"nginx-co-tinh-nang-gi\" class=\"ftwp-heading\" style=\" font-family: Roboto, sans-serif; color: rgb(17, 17, 17); margin: 30px 0px 20px; font-size: 27px; line-height: 38px; background-color: rgb(255, 255, 255)\"><strong style=\" font-weight: bold\">Nginx có tính năng gì?</strong></h2><h3 id=\"nhung-tinh-nang-cua-may-chu-http-nginx\" class=\"ftwp-heading\" style=\" font-family: Roboto, sans-serif; color: rgb(17, 17, 17); margin: 27px 0px 17px; font-size: 22px; line-height: 30px; background-color: rgb(255, 255, 255)\">Những tính năng của máy chủ HTTP Nginx</h3><ul style=\" margin-bottom: 26px; color: rgb(34, 34, 34); font-family: Verdana, BlinkMacSystemFont, -apple-system, &quot;Segoe UI&quot;, Roboto, Oxygen, Ubuntu, Cantarell, &quot;Open Sans&quot;, &quot;Helvetica Neue&quot;, sans-serif; font-size: 15px; background-color: rgb(255, 255, 255)\"><li style=\" line-height: inherit; margin-left: 21px; margin-bottom: 10px\">Có khả năng xử lý hơn 10.000 kết nối cùng lúc với bộ nhớ thấp.</li><li style=\" line-height: inherit; margin-left: 21px; margin-bottom: 10px\">Phục vụ tập tin tĩnh (static files) và lập chỉ mục tập tin.</li><li style=\" line-height: inherit; margin-left: 21px; margin-bottom: 10px\">Tăng tốc reverse proxy bằng bộ nhớ đệm (cache), cân bằng tải đơn giản và khả năng chịu lỗi.</li><li style=\" line-height: inherit; margin-left: 21px; margin-bottom: 10px\">Hỗ trợ tăng tốc với bộ nhớ đệm của FastCGI, uwsgi, SCGI, và các máy chủ memcached.</li><li style=\" line-height: inherit; margin-left: 21px; margin-bottom: 10px\">Kiến trúc modular, tăng tốc độ nạp trang bằng nén gzip tự động.</li><li style=\" line-height: inherit; margin-left: 21px; margin-bottom: 10px\">Hỗ trợ mã hoá SSL và TLS.</li><li style=\" line-height: inherit; margin-left: 21px; margin-bottom: 10px\">Cấu hình linh hoạt; lưu lại nhật ký truy vấn</li><li style=\" line-height: inherit; margin-left: 21px; margin-bottom: 10px\">Chuyển hướng lỗi 3XX-5XX</li><li style=\" line-height: inherit; margin-left: 21px; margin-bottom: 10px\">Rewrite URL (URL rewriting) dùng regular expressions</li><li style=\" line-height: inherit; margin-left: 21px; margin-bottom: 10px\">Hạn chế tỷ lệ đáp ứng truy vấn</li><li style=\" line-height: inherit; margin-left: 21px; margin-bottom: 10px\">Giới hạn số kết nối đồng thời hoặc truy vấn từ 1 địa chỉ</li><li style=\" line-height: inherit; margin-left: 21px; margin-bottom: 10px\">Khả năng nhúng mã PERL</li><li style=\" line-height: inherit; margin-left: 21px; margin-bottom: 10px\">Hỗ trợ và tương thích với IPv6</li><li style=\" line-height: inherit; margin-left: 21px; margin-bottom: 10px\">Hỗ trợ WebSockets</li><li style=\" line-height: inherit; margin-left: 21px\">Hỗ trợ truyền tải file FLV và MP4</li></ul>\r\n<br /></p>', '2023-07-12 07:27:39', '2023-07-12 07:27:39'),
(21, 1, 'Lý do khiến Laravel nổi tiếng?', '<p></p>\r\n<h3 id=\"_1-de-dang-su-dung-2\" style=\" margin: 1.5em 0px 0.6em; font-weight: 700; line-height: 1.2; font-size: 1.45em; color: rgb(27, 27, 27); font-family: &quot;Open Sans&quot;, -apple-system, BlinkMacSystemFont, &quot;Segoe UI&quot;, &quot;Helvetica Neue&quot;, Arial, sans-serif, &quot;Apple Color Emoji&quot;, &quot;Segoe UI Emoji&quot;, &quot;Segoe UI Symbol&quot;; text-align: left; background-color: rgb(255, 255, 255)\">1. Dễ dàng sử dụng</h3>\r\n<ul style=\" margin-top: 0.5em; color: rgb(27, 27, 27); font-family: &quot;Open Sans&quot;, -apple-system, BlinkMacSystemFont, &quot;Segoe UI&quot;, &quot;Helvetica Neue&quot;, Arial, sans-serif, &quot;Apple Color Emoji&quot;, &quot;Segoe UI Emoji&quot;, &quot;Segoe UI Symbol&quot;; font-size: 18px; text-align: left; background-color: rgb(255, 255, 255)\"><li style=\" font-size: 1em; word-break: break-word; overflow-wrap: break-word; margin-bottom: 0.5em\">Document mà<span>&nbsp;</span><strong style=\" font-weight: bolder\">Laravel</strong><span>&nbsp;</span>cung cấp trên<span>&nbsp;</span><a href=\"https://laravel.com/docs/5.5\" target=\"_blank\" style=\" color: rgb(43, 109, 173); text-decoration: none\">trang chủ<span>&nbsp;</span></a>của mình được viết rất rõ ràng và dể hiểu giúp cho bạn nhanh chóng có thể tìm được những gì mình muốn.</li></ul>\r\n<h3 id=\"_2-xay-dung-theo-mo-hinh-mvc-3\" style=\" margin: 1.5em 0px 0.6em; font-weight: 700; line-height: 1.2; font-size: 1.45em; color: rgb(27, 27, 27); font-family: &quot;Open Sans&quot;, -apple-system, BlinkMacSystemFont, &quot;Segoe UI&quot;, &quot;Helvetica Neue&quot;, Arial, sans-serif, &quot;Apple Color Emoji&quot;, &quot;Segoe UI Emoji&quot;, &quot;Segoe UI Symbol&quot;; text-align: left; background-color: rgb(255, 255, 255)\">2. Xây dựng theo mô hình MVC</h3>\r\n<ul style=\" margin-top: 0.5em; color: rgb(27, 27, 27); font-family: &quot;Open Sans&quot;, -apple-system, BlinkMacSystemFont, &quot;Segoe UI&quot;, &quot;Helvetica Neue&quot;, Arial, sans-serif, &quot;Apple Color Emoji&quot;, &quot;Segoe UI Emoji&quot;, &quot;Segoe UI Symbol&quot;; font-size: 18px; text-align: left; background-color: rgb(255, 255, 255)\"><li style=\" font-size: 1em; word-break: break-word; overflow-wrap: break-word; margin-bottom: 0.5em\"><strong style=\" font-weight: bolder\">Laravel</strong><span>&nbsp;</span>được xây dựng và phát triển theo mô hình MVC (Model-View-Controller) nhờ đó mà cấu trúc và cách tổ chức code trong project được sắp xếp một cách hợp lý dễ dàng cho việc maintain cũng như phát triển về lâu dài.</li></ul>\r\n<p style=\" margin-top: 1.5em; letter-spacing: -0.003em; font-size: 18px; word-break: break-word; overflow-wrap: break-word; color: rgb(27, 27, 27); font-family: &quot;Open Sans&quot;, -apple-system, BlinkMacSystemFont, &quot;Segoe UI&quot;, &quot;Helvetica Neue&quot;, Arial, sans-serif, &quot;Apple Color Emoji&quot;, &quot;Segoe UI Emoji&quot;, &quot;Segoe UI Symbol&quot;; text-align: left; background-color: rgb(255, 255, 255)\"><img src=\"https://images.viblo.asia/ca7a151b-e54d-43ca-b1ce-ab2ab9a75f12.png\" class=\"article-img\" style=\" border-style: none; cursor: pointer; text-align: center; max-width: 100%; margin: 1.5em auto; display: block\" /></p>\r\n<h3 id=\"_3-cac-tinh-nang-dung-san-4\" style=\" margin: 1.5em 0px 0.6em; font-weight: 700; line-height: 1.2; font-size: 1.45em; color: rgb(27, 27, 27); font-family: &quot;Open Sans&quot;, -apple-system, BlinkMacSystemFont, &quot;Segoe UI&quot;, &quot;Helvetica Neue&quot;, Arial, sans-serif, &quot;Apple Color Emoji&quot;, &quot;Segoe UI Emoji&quot;, &quot;Segoe UI Symbol&quot;; text-align: left; background-color: rgb(255, 255, 255)\">3. Các tính năng dựng sẵn</h3>\r\n<ul style=\" margin-top: 0.5em; color: rgb(27, 27, 27); font-family: &quot;Open Sans&quot;, -apple-system, BlinkMacSystemFont, &quot;Segoe UI&quot;, &quot;Helvetica Neue&quot;, Arial, sans-serif, &quot;Apple Color Emoji&quot;, &quot;Segoe UI Emoji&quot;, &quot;Segoe UI Symbol&quot;; font-size: 18px; text-align: left; background-color: rgb(255, 255, 255)\"><li style=\" font-size: 1em; word-break: break-word; overflow-wrap: break-word; margin-bottom: 0.5em\">Bản thân<span>&nbsp;</span><strong style=\" font-weight: bolder\">Laravel</strong><span>&nbsp;</span>đã cung cấp cho người dùng rất nhiều các nhóm tính năng giúp quá trình phát triển trở nên nhanh chóng hơn rất nhiều lần.</li><li style=\" font-size: 1em; word-break: break-word; overflow-wrap: break-word; margin-bottom: 0.5em\">Chỉ với một câu lệnh đơn giản:<div> el.remove());\" onmouseenter=\"this.getElementsByClassName(\'v-markdown-it-show-more\')[0] ? this.getElementsByClassName(\'v-markdown-it-show-more\')[0].style.display=\'block\' : null\" onmouseleave=\"this.getElementsByClassName(\'v-markdown-it-show-more\')[0] ? this.getElementsByClassName(\'v-markdown-it-show-more\')[0].style.display=\'none\' : null\" style=\"box-sizing: border-box; position: relative;\"&gt;<pre class=\"language-none\" style=\" font-family: SFMono-Regular, Consolas, &quot;Liberation Mono&quot;, Menlo, Courier, monospace; font-size: 15px; margin: 1em 0px; overflow: auto; display: block; color: rgb(36, 41, 46); line-height: 1.45; direction: ltr; text-align: left; white-space: pre; word-spacing: normal; word-break: normal; tab-size: 4; hyphens: none; padding: 1em; background-color: rgb(241, 242, 243); border-radius: 3px; border: 1px solid rgb(229, 229, 229)\"><code class=\"language-none\" style=\" font-family: SFMono-Regular, Consolas, &quot;Liberation Mono&quot;, Menlo, Courier, monospace; font-size: 15px; color: rgb(36, 41, 46); overflow-wrap: break-word; word-break: normal; display: block; line-height: 1.45; direction: ltr; text-align: left; white-space: pre; word-spacing: normal; tab-size: 4; hyphens: none\">$ php artisan make:auth \r\n</code></pre><button class=\"v-markdown-it-code-copy\" data-clipboard-text=\"$ php artisan make:auth \r\n\" delay=\"2000\" title=\"Sao chép\" style=\" border-radius: 5px; font-family: inherit; font-size: inherit; line-height: inherit; overflow: visible; appearance: button; position: absolute; display: flex; align-items: center; justify-content: center; top: 7.5px; right: 6px; cursor: pointer; outline: none; border: none; background: rgb(101, 84, 84); height: 25px; opacity: 0.5\"></button></div>là bạn đã dựng được cho mình toàn bộ các tính năng như đăng nhập, đăng xuất, đăng kí, quên mật khẩu mà không tốn công code một dòng nào cả. Tất nhiên bạn cũng có thể tự mình chỉnh sửa lại logic sao cho hợp với nhu cầu sử dụng cá nhân.</li></ul>\r\n<h3 id=\"_4-cac-tinh-nang-bao-mat-5\" style=\" margin: 1.5em 0px 0.6em; font-weight: 700; line-height: 1.2; font-size: 1.45em; color: rgb(27, 27, 27); font-family: &quot;Open Sans&quot;, -apple-system, BlinkMacSystemFont, &quot;Segoe UI&quot;, &quot;Helvetica Neue&quot;, Arial, sans-serif, &quot;Apple Color Emoji&quot;, &quot;Segoe UI Emoji&quot;, &quot;Segoe UI Symbol&quot;; text-align: left; background-color: rgb(255, 255, 255)\">4. Các tính năng bảo mật</h3>\r\n<ul style=\" margin-top: 0.5em; color: rgb(27, 27, 27); font-family: &quot;Open Sans&quot;, -apple-system, BlinkMacSystemFont, &quot;Segoe UI&quot;, &quot;Helvetica Neue&quot;, Arial, sans-serif, &quot;Apple Color Emoji&quot;, &quot;Segoe UI Emoji&quot;, &quot;Segoe UI Symbol&quot;; font-size: 18px; text-align: left; background-color: rgb(255, 255, 255)\"><li style=\" font-size: 1em; word-break: break-word; overflow-wrap: break-word; margin-bottom: 0.5em\">Để giúp lập trình viên có thể tối đa thời gian tập chung vào việc phát triển các tính năng,<span>&nbsp;</span><strong style=\" font-weight: bolder\">Laravel</strong><span>&nbsp;</span>đã cung cấp sẵn cho người dùng các tính năng bảo mật cơ bản như:<ul style=\" margin-top: 1em\"><li style=\" font-size: 1em; word-break: break-word; overflow-wrap: break-word; margin-bottom: 0.5em\">ORM của<span>&nbsp;</span><strong style=\" font-weight: bolder\">Laravel</strong><span>&nbsp;</span>sử dụng PDO thay vì mysqli để chống lại tấn công SQL Injection.</li><li style=\" font-size: 1em; word-break: break-word; overflow-wrap: break-word; margin-bottom: 0.5em\"><strong style=\" font-weight: bolder\">Laravel</strong><span>&nbsp;</span>sử dụng một field token ẩn để chống lại tấn công kiểu CSRF.</li><li style=\" font-size: 1em; word-break: break-word; overflow-wrap: break-word; margin-bottom: 0.5em\">Các biến được đưa ra view mặc định đều được<span>&nbsp;</span><strong style=\" font-weight: bolder\">Laravel</strong><span>&nbsp;</span>escape để tránh tấn công XSS</li><li style=\" font-size: 1em; word-break: break-word; overflow-wrap: break-word; margin-bottom: 0.5em\"></li></ul></li></ul>\r\n<h3 id=\"_5-blade-template-6\" style=\" margin: 1.5em 0px 0.6em; font-weight: 700; line-height: 1.2; font-size: 1.45em; color: rgb(27, 27, 27); font-family: &quot;Open Sans&quot;, -apple-system, BlinkMacSystemFont, &quot;Segoe UI&quot;, &quot;Helvetica Neue&quot;, Arial, sans-serif, &quot;Apple Color Emoji&quot;, &quot;Segoe UI Emoji&quot;, &quot;Segoe UI Symbol&quot;; text-align: left; background-color: rgb(255, 255, 255)\">5. Blade template</h3>\r\n<ul style=\" margin-top: 0.5em; color: rgb(27, 27, 27); font-family: &quot;Open Sans&quot;, -apple-system, BlinkMacSystemFont, &quot;Segoe UI&quot;, &quot;Helvetica Neue&quot;, Arial, sans-serif, &quot;Apple Color Emoji&quot;, &quot;Segoe UI Emoji&quot;, &quot;Segoe UI Symbol&quot;; font-size: 18px; text-align: left; background-color: rgb(255, 255, 255)\"><li style=\" font-size: 1em; word-break: break-word; overflow-wrap: break-word; margin-bottom: 0.5em\">Ở phần view,<span>&nbsp;</span><strong style=\" font-weight: bolder\">Laravel</strong><span>&nbsp;</span>cung cấp sẵn cho người dùng một<span>&nbsp;</span><em>template enigine</em><span>&nbsp;</span>có tên là blade, giúp người dùng có thể sử dụng code php bên trong file giao diện của mình một cách thuật lợi và không bị rối mắt như sử dụng cặp thẻ<span>&nbsp;</span><code style=\" font-family: SFMono-Regular, Consolas, &quot;Ubuntu Mono&quot;, &quot;Liberation Mono&quot;, Menlo, Courier, monospace; font-size: 1em; color: inherit; overflow-wrap: break-word; padding: 3px 5px; border-radius: 2px; background-color: rgb(238, 238, 238)\">&lt;?php ?&gt;</code><span>&nbsp;</span>thông thường:</li></ul>\r\n<p style=\" margin-top: 1.5em; letter-spacing: -0.003em; font-size: 18px; word-break: break-word; overflow-wrap: break-word; color: rgb(27, 27, 27); font-family: &quot;Open Sans&quot;, -apple-system, BlinkMacSystemFont, &quot;Segoe UI&quot;, &quot;Helvetica Neue&quot;, Arial, sans-serif, &quot;Apple Color Emoji&quot;, &quot;Segoe UI Emoji&quot;, &quot;Segoe UI Symbol&quot;; text-align: left; background-color: rgb(255, 255, 255)\"><img src=\"https://images.viblo.asia/f6b3de98-8584-420f-95e9-c0e4da7c2ee6.png\" class=\"article-img\" style=\" border-style: none; cursor: pointer; text-align: center; max-width: 100%; margin: 1.5em auto; display: block\" /></p>', '2023-07-12 07:37:22', '2023-07-12 07:37:22'),
(22, 5, 'Vuejs là gì? Lý do sử dụng và hướng dẫn cài đặt Vuejs', '<div class=\"content\" style=\" color: rgb(51, 51, 51); font-family: &quot;Open Sans&quot;, sans-serif; font-size: 12px; background-color: rgb(255, 255, 255)\"><p style=\" margin: 20px 0px; font-size: 14px\"><span style=\" font-size: 12pt; font-family: arial, helvetica, sans-serif\"><span>Bạn đang dần làm quen với công nghệ thông tin và không biết<span>&nbsp;</span></span><b style=\" font-weight: bold\">Vuejs là gì</b><span>?</span></span><span style=\" font-family: arial, helvetica, sans-serif; font-size: 12pt\">Bạn vướng mắc nhiều kiến thức liên quan đến Vuejs khi cài đặt và sử dụng. Bạn đang tìm kiếm tài liệu cũng như thông tin chia sẻ về Vuejs nhưng vẫn không biết địa chỉ nào uy tín. Vậy đừng lo, hãy để ITNavi giải quyết mọi thắc mắc của bạn liên quan đến Vuejs ngay sau đây.&nbsp;</span></p><h2 id=\"vuejs-la-gi\" style=\" font-family: Roboto, sans-serif; line-height: 1.1; color: inherit; margin-top: 20px; margin-bottom: 20px; font-size: 2.25rem; outline: unset !important\"><span style=\" font-size: 14pt; font-family: arial, helvetica, sans-serif\"><b style=\" font-weight: bold\">Vuejs là gì?</b></span></h2><p style=\" margin: 20px 0px; font-size: 14px\"><span style=\" font-size: 12pt; font-family: arial, helvetica, sans-serif\"><span>Nếu như bạn vẫn còn chưa có nhiều kiến thức về lập trình frontend thì không nên quá vội vã mà hãy tự trang bị cho mình đầy đủ các nền tảng trước khi tìm hiểu sâu. Nếu các kinh nghiệm với các framework frontend như:<span>&nbsp;</span></span><span style=\" color: rgb(255, 0, 0)\"><a href=\"https://itnavi.com.vn/blog/reactjs-la-gi-can-ban-ve-reactjs/\" target=\"_blank\" rel=\"noopener noreferrer\" style=\" background-color: transparent; color: rgb(255, 0, 0); text-decoration: none\"><span>Reactjs</span></a></span><span>, Angular,... của bạn còn kém thì đừng lo lắng bởi đây là điểm mạnh đối với những người mới bắt đầu Vuejs.</span></span></p><p style=\" margin: 20px 0px; font-size: 14px\"><span style=\" font-size: 12pt; font-family: arial, helvetica, sans-serif\"><span><br /></span></span></p><div style=\" text-align: center\"><img class=\"aligncenter wp-image-1743 size-full\" title=\"Định nghĩa VueJS là gì?\" src=\"https://d3hi6wehcrq5by.cloudfront.net/itnavi-blog/2020/07/Vuejs-l%C3%A0-g%C3%AC-1.jpg\" alt=\"Định nghĩa VueJS là gì?\" width=\"750\" height=\"477\" style=\" border: 0px none; vertical-align: middle; max-width: 100%; height: auto !important; font-size: 12pt\" /></div><p style=\" margin: 20px 0px; font-size: 14px; text-align: center\"><span style=\" font-size: 12pt; font-family: arial, helvetica, sans-serif\"><i><span>Định nghĩa VueJS là gì?</span></i></span></p><h3 id=\"dinh-nghia-vuejs-la-gi\" style=\" font-family: Roboto, sans-serif; line-height: 1.2; color: inherit; margin-top: 20px; margin-bottom: 20px; font-size: 1.875rem; outline: unset !important\"><span style=\" font-size: 12pt; font-family: arial, helvetica, sans-serif\"><b style=\" font-weight: bold\"><i>Định nghĩa Vuejs là gì?</i></b></span></h3><p style=\" margin: 20px 0px; font-size: 14px\"><span style=\" font-size: 12pt; font-family: arial, helvetica, sans-serif\">Vuejs được gọi tắt là Vue (được phát âm là /vjuː/, nó giống như từ view trong tiếng Anh). Vue.js là một framework rất linh động được dùng phổ biến để xây dựng nên các giao diện người dùng. Hoàn toàn khác với các framework nguyên khối thì Vue thường sở hữu thiết kế từ đầu theo những hướng cho phép cũng như khuyến khích làm việc để phát triển dễ dàng hơn các ứng dụng theo từng bước một.</span></p><p style=\" margin: 20px 0px; font-size: 14px\"></p><p style=\" margin: 20px 0px; font-size: 14px\"><span style=\" font-size: 12pt; font-family: arial, helvetica, sans-serif\">Một&nbsp; khi đã phát triển lớp giao diện (view layer) thì người dùng chỉ cần sử dụng loại thư viện lõi của Vue. Ngoài ra, nếu như bạn kết hợp với các kỹ thuật thiên hướng hiện đại thì Vue cũng có thể đáp ứng được dễ dàng mọi nhu cầu xây dựng ứng dụng của một trang với độ phức tạp cao hơn.&nbsp;</span></p><h3 id=\"lich-su-ra-doi\" style=\" font-family: Roboto, sans-serif; line-height: 1.2; color: inherit; margin-top: 20px; margin-bottom: 20px; font-size: 1.875rem; outline: unset !important\"><span style=\" font-size: 12pt; font-family: arial, helvetica, sans-serif\"><b style=\" font-weight: bold\"><i>Lịch sử ra đời&nbsp;</i></b></span></h3><p style=\" margin: 20px 0px; font-size: 14px\"><span style=\" font-size: 12pt; font-family: arial, helvetica, sans-serif\">Vue đã được tạo ra và phát triển bởi Evan You khi ông đang làm kỹ sư tại công ty Google. Lúc Evan đang sử dụng Angular cho một số dự án khác thì đã có phát biểu rằng: “Điều gì sẽ xảy ra như trích một phần mà mình thích về&nbsp; Angular rồi xây dựng thêm một cái gì đó nhẹ nhàng hơn mà không cần phải chú ý đến những khái niệm bổ sung”.</span></p><p style=\" margin: 20px 0px; font-size: 14px\"></p><p style=\" margin: 20px 0px; font-size: 14px\"><span style=\" font-size: 12pt; font-family: arial, helvetica, sans-serif\">Đây là phát biểu được&nbsp; xem là bước đệm giúp cho Vue đã và đang có mặt tại thời điểm hiện tại.&nbsp;</span><span style=\" font-size: 12pt; font-family: arial, helvetica, sans-serif\">Vue đã được phát hành vào đầu năm 2014 và dự án này đã được tăng tải lên HackerNew, Echo Js ngay trong ngày đầu tiên ra mắt.&nbsp;</span></p><p style=\" margin: 20px 0px; font-size: 14px\"></p><div style=\" text-align: center\"><img class=\"aligncenter wp-image-1744 size-full\" title=\"Vuejs sở hữu nhiều ưu điểm nổi bật\" src=\"https://d3hi6wehcrq5by.cloudfront.net/itnavi-blog/2020/07/Vuejs-l%C3%A0-g%C3%AC-2.jpg\" alt=\"Vuejs sở hữu nhiều ưu điểm nổi bật\" width=\"750\" height=\"388\" style=\" border: 0px none; vertical-align: middle; max-width: 100%; height: auto !important; font-size: 12pt\" /></div><p style=\" margin: 20px 0px; font-size: 14px\"></p><p style=\" margin: 20px 0px; font-size: 14px; text-align: center\"><span style=\" font-size: 12pt; font-family: arial, helvetica, sans-serif\"><i><span>Vuejs sở hữu nhiều ưu điểm nổi bật</span></i></span></p></div>', '2023-07-12 08:16:22', '2023-07-12 08:16:22'),
(23, 6, 'Giới thiệu về ngôn ngữ lập trình PHP và hướng dẫn cài đặt', '<p>\r\n\r\n<p style=\" margin: 0px 0px 12.5px; color: rgb(50, 50, 50); font-family: sans-serif; font-size: 15px; font-weight: 300; background-color: rgb(255, 255, 255)\"><strong style=\" font-weight: bold\">PHP</strong><span>&nbsp;</span>- viết tắt hồi quy của<span>&nbsp;</span><strong style=\" font-weight: bold\">\"Hypertext Preprocessor\"</strong>, là một ngôn ngữ lập trình kịch bản được chạy ở phía server nhằm sinh ra mã html trên client.&nbsp;PHP đã trải qua rất nhiều phiên bản và được tối ưu hóa cho các ứng dụng web, với cách viết mã rõ rãng, tốc độ nhanh, dễ học nên PHP đã trở thành một ngôn ngữ<span>&nbsp;</span><a href=\"https://hoclaptrinhweb.org/hoc-thiet-ke-web/lap-trinh-web.html\" style=\" background: transparent; color: rgb(52, 152, 219); text-decoration: none\">lập trình web</a><span>&nbsp;</span>rất phổ biến và được ưa chuộng.</p><p style=\" margin: 0px 0px 12.5px; color: rgb(50, 50, 50); font-family: sans-serif; font-size: 15px; font-weight: 300; background-color: rgb(255, 255, 255)\">&nbsp;PHP chạy trên môi trường Webserver và lưu trữ dữ liệu thông qua hệ quản trị cơ sở dữ liệu nên PHP thường đi kèm với Apache, MySQL và hệ điều hành Linux (LAMP).</p><ul style=\" margin-bottom: 12.5px; color: rgb(50, 50, 50); font-family: sans-serif; font-size: 15px; font-weight: 300; background-color: rgb(255, 255, 255)\"><li>Apache là một phần mềm web server có nhiệm vụ tiếp nhận request từ trình duyệt người dùng sau đó chuyển giao cho PHP xử lý và gửi trả lại cho trình duyệt.</li><li>MySQL cũng tương tự như các hệ quản trị cơ sở dữ liệu khác (Postgress, Oracle, SQL server...) đóng vai trò là nơi lưu trữ và truy vấn dữ liệu.</li><li>Linux: Hệ điều hành mã nguồn mở được sử dụng rất rộng rãi cho các webserver. Thông thường các phiên bản được sử dụng nhiều nhất là RedHat Enterprise Linux, Ubuntu...&nbsp;</li></ul><p style=\" margin: 0px 0px 12.5px; color: rgb(50, 50, 50); font-family: sans-serif; font-size: 15px; font-weight: 300; background-color: rgb(255, 255, 255)\"><strong style=\" font-weight: bold\">PHP hoạt động như thế nào?</strong></p><p style=\" margin: 0px 0px 12.5px; color: rgb(50, 50, 50); font-family: sans-serif; font-size: 15px; font-weight: 300; background-color: rgb(255, 255, 255)\">Khi người sử dụng gọi trang PHP, Web Server sẽ triệu gọi PHP Engine để thông dịch dịch trang PHP và trả kết quả cho người dùng như hình bên dưới.</p><p style=\" margin: 0px 0px 12.5px; color: rgb(50, 50, 50); font-family: sans-serif; font-size: 15px; font-weight: 300; background-color: rgb(255, 255, 255)\"><img src=\"https://hoclaptrinhweb.org/images/ecode/hoc-lap-trinh-web/php/hoc-lap-trinh-php.jpg\" alt=\"hoc lap trinh php\" style=\" border: none; vertical-align: middle; max-width: 100%; height: auto; font-size: 12.16px; line-height: 15.808px; display: block; margin-left: auto; margin-right: auto\" /></p><p style=\" margin: 0px 0px 12.5px; color: rgb(50, 50, 50); font-family: sans-serif; font-size: 15px; font-weight: 300; background-color: rgb(255, 255, 255)\"><strong style=\" font-weight: bold\">Các bước cài đặt Web server:</strong></p><p style=\" margin: 0px 0px 12.5px; color: rgb(50, 50, 50); font-family: sans-serif; font-size: 15px; font-weight: 300; background-color: rgb(255, 255, 255)\"><strong style=\" font-weight: bold\">Bước 1:</strong><span>&nbsp;</span>Download XAMPP tại&nbsp;<a href=\"https://www.apachefriends.org/download.html\" style=\" background: transparent; color: rgb(52, 152, 219); text-decoration: none\">https://www.apachefriends.org/download.html</a>&nbsp;và tiến hành cài đặt như các chương trình thông thường.</p><p style=\" margin: 0px 0px 12.5px; color: rgb(50, 50, 50); font-family: sans-serif; font-size: 15px; font-weight: 300; background-color: rgb(255, 255, 255)\"><strong style=\" font-weight: bold\">Bước 2:</strong><span>&nbsp;</span>Start Apache và MySQL trong XAMPP control panel</p><p style=\" margin: 0px 0px 12.5px; color: rgb(50, 50, 50); font-family: sans-serif; font-size: 15px; font-weight: 300; background-color: rgb(255, 255, 255)\"><img src=\"https://hoclaptrinhweb.org/images/ecode/hoc-lap-trinh-web/php/cai-dat-xampp.jpg\" alt=\"cai dat xampp\" style=\" border: none; vertical-align: middle; max-width: 100%; height: auto; display: block; margin-left: auto; margin-right: auto\" /></p><p style=\" margin: 0px 0px 12.5px; color: rgb(50, 50, 50); font-family: sans-serif; font-size: 15px; font-weight: 300; background-color: rgb(255, 255, 255)\"><strong style=\" font-weight: bold\">Bước 3:</strong><span>&nbsp;</span>Gõ vào trình duyệt địa chỉ localhost. Nếu hiện ra màn hình sau thì việc cài đặt đã thành công.</p><p style=\" margin: 0px 0px 12.5px; color: rgb(50, 50, 50); font-family: sans-serif; font-size: 15px; font-weight: 300; background-color: rgb(255, 255, 255)\"><img src=\"https://hoclaptrinhweb.org/images/ecode/hoc-lap-trinh-web/php/cai-dat-xampp-2.jpg\" alt=\"cai dat xampp 2\" style=\" border: none; vertical-align: middle; max-width: 100%; height: auto; display: block; margin-left: auto; margin-right: auto\" /></p><p style=\" margin: 0px 0px 12.5px; color: rgb(50, 50, 50); font-family: sans-serif; font-size: 15px; font-weight: 300; background-color: rgb(255, 255, 255)\"><strong style=\" font-weight: bold\">Bước 4:</strong><span>&nbsp;</span>Vào thư mục cài đặt XAMPP/htdocs và tiến hành tạo file test.php với nội dung như sau:</p><div style=\" color: rgb(50, 50, 50); font-family: sans-serif; font-size: 15px; font-weight: 300; background-color: rgb(255, 255, 255); overflow: hidden; display: block; height: auto\"><div><div id=\"highlighter_482755\" class=\"syntaxhighlighter  php\" style=\" width: 890px; margin: 1em 0px !important; position: relative !important; overflow: auto !important; font-size: 1em !important; background-color: white !important\"><div class=\"toolbar\" style=\"box-sizing: content-box !important; background: rgb(108, 226, 108) !important; border: none !important; inset: 1px 1px auto auto !important; height: 11px !important; line-height: 1.1em !important; overflow: visible !important; position: absolute !important; text-align: left !important; vertical-align: baseline !important; width: 11px !important; font-family: Consolas, &quot;Bitstream Vera Sans Mono&quot;, &quot;Courier New&quot;, Courier, monospace !important; font-weight: normal !important; font-size: 10px !important; min-height: auto !important; z-index: 10 !important; color: white !important\"><span><a href=\"https://hoclaptrinhweb.org/lap-trinh/hoc-php/227-bai-1-gioi-thieu-ve-ngon-ngu-lap-trinh-php-va-huong-dan-cai-dat.html#\" class=\"toolbar_item command_help help\" style=\"box-sizing: content-box !important; background: none !important; color: white !important; text-decoration: none !important; inset: auto !important; height: auto !important; line-height: 1.1em !important; overflow: visible !important; padding: 1px 0px 0px !important; position: static !important; text-align: center !important; vertical-align: baseline !important; width: auto !important; font-family: Consolas, &quot;Bitstream Vera Sans Mono&quot;, &quot;Courier New&quot;, Courier, monospace !important; font-weight: normal !important; font-size: 1em !important; min-height: auto !important; display: block !important\">?</a></span></div><table border=\"0\" cellpadding=\"0\" cellspacing=\"0\" style=\"box-sizing: content-box !important; border-collapse: collapse; max-width: 100%; background: none !important; inset: auto !important; height: auto !important; line-height: 1.1em !important; overflow: visible !important; position: static !important; text-align: left !important; vertical-align: baseline !important; width: 890px; font-family: Consolas, &quot;Bitstream Vera Sans Mono&quot;, &quot;Courier New&quot;, Courier, monospace !important; font-weight: normal !important; font-size: 1em !important; min-height: auto !important\"><tbody style=\"box-sizing: content-box !important; background: none !important; inset: auto !important; height: auto !important; line-height: 1.1em !important; overflow: visible !important; position: static !important; text-align: left !important; vertical-align: baseline !important; width: auto !important; font-family: Consolas, &quot;Bitstream Vera Sans Mono&quot;, &quot;Courier New&quot;, Courier, monospace !important; font-weight: normal !important; font-size: 1em !important; min-height: auto !important\"><tr style=\"box-sizing: content-box !important; background: none !important; inset: auto !important; height: auto !important; line-height: 1.1em !important; overflow: visible !important; position: static !important; text-align: left !important; vertical-align: baseline !important; width: auto !important; font-family: Consolas, &quot;Bitstream Vera Sans Mono&quot;, &quot;Courier New&quot;, Courier, monospace !important; font-weight: normal !important; font-size: 1em !important; min-height: auto !important\"><td class=\"gutter\" style=\"box-sizing: content-box !important; line-height: 1.1em !important; text-align: left !important; vertical-align: baseline !important; background: none !important; inset: auto !important; height: auto !important; overflow: visible !important; position: static !important; width: auto !important; font-family: Consolas, &quot;Bitstream Vera Sans Mono&quot;, &quot;Courier New&quot;, Courier, monospace !important; font-weight: normal !important; font-size: 1em !important; min-height: auto !important; color: rgb(175, 175, 175) !important\"><div class=\"line number1 index0 alt2\" style=\"box-sizing: content-box !important; background: none white !important; border-width: 0px 3px 0px 0px !important; border-right-style: solid !important; border-right-color: rgb(108, 226, 108) !important; inset: auto !important; height: auto !important; line-height: 1.1em !important; overflow: visible !important; padding: 0px 0.5em 0px 1em !important; position: static !important; text-align: right !important; vertical-align: baseline !important; width: auto !important; font-family: Consolas, &quot;Bitstream Vera Sans Mono&quot;, &quot;Courier New&quot;, Courier, monospace !important; font-weight: normal !important; font-size: 1em !important; min-height: auto !important; white-space: pre !important\">1</div><div class=\"line number2 index1 alt1\" style=\"box-sizing: content-box !important; background: none white !important; border-width: 0px 3px 0px 0px !important; border-right-style: solid !important; border-right-color: rgb(108, 226, 108) !important; inset: auto !important; height: auto !important; line-height: 1.1em !important; overflow: visible !important; padding: 0px 0.5em 0px 1em !important; position: static !important; text-align: right !important; vertical-align: baseline !important; width: auto !important; font-family: Consolas, &quot;Bitstream Vera Sans Mono&quot;, &quot;Courier New&quot;, Courier, monospace !important; font-weight: normal !important; font-size: 1em !important; min-height: auto !important; white-space: pre !important\">2</div><div class=\"line number3 index2 alt2\" style=\"box-sizing: content-box !important; background: none white !important; border-width: 0px 3px 0px 0px !important; border-right-style: solid !important; border-right-color: rgb(108, 226, 108) !important; inset: auto !important; height: auto !important; line-height: 1.1em !important; overflow: visible !important; padding: 0px 0.5em 0px 1em !important; position: static !important; text-align: right !important; vertical-align: baseline !important; width: auto !important; font-family: Consolas, &quot;Bitstream Vera Sans Mono&quot;, &quot;Courier New&quot;, Courier, monospace !important; font-weight: normal !important; font-size: 1em !important; min-height: auto !important; white-space: pre !important\">3</div></td><td class=\"code\" style=\"box-sizing: content-box !important; line-height: 1.1em !important; text-align: left !important; vertical-align: baseline !important; background: none !important; inset: auto !important; height: auto !important; overflow: visible !important; position: static !important; width: 856.85px; font-family: Consolas, &quot;Bitstream Vera Sans Mono&quot;, &quot;Courier New&quot;, Courier, monospace !important; font-weight: normal !important; font-size: 1em !important; min-height: auto !important\"><div class=\"container\" style=\"box-sizing: content-box !important; width: auto !important; background: none !important; inset: auto !important; height: auto !important; line-height: 1.1em !important; overflow: visible !important; position: relative !important; text-align: left !important; vertical-align: baseline !important; font-family: Consolas, &quot;Bitstream Vera Sans Mono&quot;, &quot;Courier New&quot;, Courier, monospace !important; font-weight: normal !important; font-size: 1em !important; min-height: auto !important\"><div class=\"line number1 index0 alt2\" style=\"box-sizing: content-box !important; background: none white !important; inset: auto !important; height: auto !important; line-height: 1.1em !important; overflow: visible !important; padding: 0px 1em !important; position: static !important; text-align: left !important; vertical-align: baseline !important; width: auto !important; font-family: Consolas, &quot;Bitstream Vera Sans Mono&quot;, &quot;Courier New&quot;, Courier, monospace !important; font-weight: normal !important; font-size: 1em !important; min-height: auto !important; white-space: pre !important\"><code class=\"php plain\" style=\"box-sizing: content-box !important; font-family: Consolas, &quot;Bitstream Vera Sans Mono&quot;, &quot;Courier New&quot;, Courier, monospace !important; font-size: 1em !important; color: black !important; background: none !important; white-space: nowrap; inset: auto !important; height: auto !important; line-height: 1.1em !important; overflow: visible !important; position: static !important; text-align: left !important; vertical-align: baseline !important; width: auto !important; font-weight: normal !important; min-height: auto !important\">&lt;?php</code></div><div class=\"line number2 index1 alt1\" style=\"box-sizing: content-box !important; background: none white !important; inset: auto !important; height: auto !important; line-height: 1.1em !important; overflow: visible !important; padding: 0px 1em !important; position: static !important; text-align: left !important; vertical-align: baseline !important; width: auto !important; font-family: Consolas, &quot;Bitstream Vera Sans Mono&quot;, &quot;Courier New&quot;, Courier, monospace !important; font-weight: normal !important; font-size: 1em !important; min-height: auto !important; white-space: pre !important\"><code class=\"php spaces\" style=\"box-sizing: content-box !important; font-family: Consolas, &quot;Bitstream Vera Sans Mono&quot;, &quot;Courier New&quot;, Courier, monospace !important; font-size: 1em !important; color: rgb(199, 37, 78); background: none !important; white-space: nowrap; inset: auto !important; height: auto !important; line-height: 1.1em !important; overflow: visible !important; position: static !important; text-align: left !important; vertical-align: baseline !important; width: auto !important; font-weight: normal !important; min-height: auto !important\">&nbsp;&nbsp;&nbsp;&nbsp;</code><code class=\"php functions\" style=\"box-sizing: content-box !important; font-family: Consolas, &quot;Bitstream Vera Sans Mono&quot;, &quot;Courier New&quot;, Courier, monospace !important; font-size: 1em !important; color: rgb(255, 20, 147) !important; background: none !important; white-space: nowrap; inset: auto !important; height: auto !important; line-height: 1.1em !important; overflow: visible !important; position: static !important; text-align: left !important; vertical-align: baseline !important; width: auto !important; font-weight: normal !important; min-height: auto !important\">echo</code> <code class=\"php string\" style=\"box-sizing: content-box !important; font-family: Consolas, &quot;Bitstream Vera Sans Mono&quot;, &quot;Courier New&quot;, Courier, monospace !important; font-size: 1em !important; color: blue !important; background: none !important; white-space: nowrap; inset: auto !important; height: auto !important; line-height: 1.1em !important; overflow: visible !important; position: static !important; text-align: left !important; vertical-align: baseline !important; width: auto !important; font-weight: normal !important; min-height: auto !important\">\"Hello World\"</code><code class=\"php plain\" style=\"box-sizing: content-box !important; font-family: Consolas, &quot;Bitstream Vera Sans Mono&quot;, &quot;Courier New&quot;, Courier, monospace !important; font-size: 1em !important; color: black !important; background: none !important; white-space: nowrap; inset: auto !important; height: auto !important; line-height: 1.1em !important; overflow: visible !important; position: static !important; text-align: left !important; vertical-align: baseline !important; width: auto !important; font-weight: normal !important; min-height: auto !important\">;</code></div><div class=\"line number3 index2 alt2\" style=\"box-sizing: content-box !important; background: none white !important; inset: auto !important; height: auto !important; line-height: 1.1em !important; overflow: visible !important; padding: 0px 1em !important; position: static !important; text-align: left !important; vertical-align: baseline !important; width: auto !important; font-family: Consolas, &quot;Bitstream Vera Sans Mono&quot;, &quot;Courier New&quot;, Courier, monospace !important; font-weight: normal !important; font-size: 1em !important; min-height: auto !important; white-space: pre !important\"><code class=\"php plain\" style=\"box-sizing: content-box !important; font-family: Consolas, &quot;Bitstream Vera Sans Mono&quot;, &quot;Courier New&quot;, Courier, monospace !important; font-size: 1em !important; color: black !important; background: none !important; white-space: nowrap; inset: auto !important; height: auto !important; line-height: 1.1em !important; overflow: visible !important; position: static !important; text-align: left !important; vertical-align: baseline !important; width: auto !important; font-weight: normal !important; min-height: auto !important\">?&gt;</code></div></div></td></tr></tbody></table></div></div></div><p style=\" margin: 0px 0px 12.5px; color: rgb(50, 50, 50); font-family: sans-serif; font-size: 15px; font-weight: 300; background-color: rgb(255, 255, 255)\">Gõ trên trình duyệt địa chỉ localhost/test.php. Nếu hiện ra dòng chữ Hello World nghĩa là ứng dụng PHP đầu tiên đã chạy thành công.</p><p style=\" margin: 0px 0px 12.5px; color: rgb(50, 50, 50); font-family: sans-serif; font-size: 15px; font-weight: 300; background-color: rgb(255, 255, 255)\"><img src=\"https://hoclaptrinhweb.org/images/ecode/hoc-lap-trinh-web/php/cai-dat-xampp-3.jpg\" alt=\"cai dat xampp 3\" style=\" border: none; vertical-align: middle; max-width: 100%; height: auto; display: block; margin-left: auto; margin-right: auto\" /></p><p style=\" margin: 0px 0px 12.5px; color: rgb(50, 50, 50); font-family: sans-serif; font-size: 15px; font-weight: 300; background-color: rgb(255, 255, 255)\"><strong style=\" font-weight: bold\">TIPS:</strong><span>&nbsp;</span>Để lập trình PHP chúng ta có thể sử dụng các IDE sau: Netbeans, Eclipse, Zend Studio, PHP Storm...để đẩy nhanh quá trình phát triển và hạn chế lỗi xảy ra trong quá trình lập trình.</p>\r\n<br /></p>', '2023-07-12 08:17:36', '2023-07-12 08:17:36');
INSERT INTO `articles` (`id`, `id_user`, `title`, `content`, `created_at`, `updated_at`) VALUES
(25, 7, '“Your Name” – Duyên số là do sắp đặt hay được định đoạt?', '<em><span style=\" line-height: 17.6px; font-size: 16px\">Bộ phim Đứa con của thời tiết mới ra mắt gần đây được sản xuất bởi Shinkai Makoto.</span></em>\r\n\r\n\r\n<p style=\" margin: 0px 0px 15px; line-height: 1.8; color: rgb(97, 97, 97); font-family: &quot;open sans&quot;, arial, sans-serif; font-size: 15px; background-color: rgb(255, 255, 255)\"><span style=\" line-height: 19.8px; font-family: &quot;book antiqua&quot;, palatino, serif; font-size: 18px\">Quay trở lại với bộ phim<span>&nbsp;</span><em>Your name</em>, mới đầu khi xem trailer khán giả đã bị cuốn hút bởi màu sắc, hình ảnh lẫn âm thanh trong đó. Thậm chí trong phim còn có một câu cảm thán vô cùng ám ảnh như thế này:</span></p>\r\n\r\n\r\n<blockquote style=\" padding: 10px 20px; margin: 0px 0px 20px; font-size: 30px; border-left: 5px solid rgb(238, 238, 238); line-height: 36px; font-weight: 700; font-family: Montserrat; font-style: italic; color: rgb(97, 97, 97); background-color: rgb(255, 255, 255)\"><p style=\" line-height: 1.8; text-align: justify\"><span style=\" line-height: 19.8px; font-family: &quot;book antiqua&quot;, palatino, serif; font-size: 18px\">“Khung cảnh ấy như trong mơ, đẹp đến mức khiến người ta vấn vương”</span></p></blockquote>\r\n\r\n\r\n<p style=\" margin: 0px 0px 15px; line-height: 1.8; color: rgb(97, 97, 97); font-family: &quot;open sans&quot;, arial, sans-serif; font-size: 15px; background-color: rgb(255, 255, 255)\"><span style=\" line-height: 19.8px; font-family: &quot;book antiqua&quot;, palatino, serif; font-size: 18px\">Những thứ đẹp đẽ vẫn thường khiến người ta tương tư, nhất là khi nó chỉ xuất hiện trong một thời gian nhất định, rồi biến mất, trơn tuột từ kẽ tay ta mà ta chẳng cách nào níu lại được.</span></p>\r\n\r\n\r\n<p style=\" margin: 0px 0px 15px; line-height: 1.8; color: rgb(97, 97, 97); font-family: &quot;open sans&quot;, arial, sans-serif; font-size: 15px; background-color: rgb(255, 255, 255)\"><span style=\" line-height: 19.8px; font-family: &quot;book antiqua&quot;, palatino, serif; font-size: 18px\">Bên cạnh nội dung xuất sắc, chúng ta không thể bỏ qua phần nhìn đầy ấn tượng trong phim. Toàn bộ hình ảnh nước Nhật được tái hiện trên phông nền hoạt hoạ vô cùng xuất sắc.</span></p>\r\n\r\n\r\n<figure id=\"attachment_3124\" aria-describedby=\"caption-attachment-3124\" class=\"wp-caption aligncenter\" style=\" margin-right: auto !important; margin-bottom: 1.5em; margin-left: auto !important; display: block; max-width: 100%; clear: both; text-align: center; padding-top: 5px; width: 1000px; color: rgb(97, 97, 97); font-family: &quot;open sans&quot;, arial, sans-serif; font-size: 15px; background-color: rgb(255, 255, 255)\"><img decoding=\"async\" loading=\"lazy\" class=\"wp-image-3124\" src=\"https://revelogue.com/wp-content/uploads/2019/12/thanh-pho-tokyo-your-name-300x169.jpg\" alt=\"Thành phố Tokyo trong Your name\" width=\"1000\" height=\"562\" style=\" height: auto; max-width: 100%; vertical-align: middle; min-height: 1px; margin: 0px 15px 15px 0px; position: relative; z-index: 100; border-radius: 8px\" /><figcaption id=\"caption-attachment-3124\" class=\"wp-caption-text\" style=\" display: block; font-size: 12px; text-align: left\"><span style=\" line-height: 17.6px; font-size: 16px; font-family: &quot;book antiqua&quot;, palatino, serif\"><em>Những toà nhà cao tầng đem đến một Tokyo rất đỗi gần gũi.</em></span></figcaption></figure>\r\n\r\n\r\n<p style=\" margin: 0px 0px 15px; line-height: 1.8; color: rgb(97, 97, 97); font-family: &quot;open sans&quot;, arial, sans-serif; font-size: 15px; background-color: rgb(255, 255, 255)\"><span style=\" line-height: 19.8px; font-family: &quot;book antiqua&quot;, palatino, serif; font-size: 18px\">Những gam màu chân thực, tươi sáng có sự kết hợp hoàn mĩ, từ cảnh đường phố tại Tokyo đông đúc, sầm uất, đến những khung cảnh vùng quê, cảnh hoàng hôn, cảnh lễ hội, đặc tả những nét văn hoá truyền thống của Nhật Bản. Tất cả đã góp phần tạo nên những thước phim sống động và kì vĩ.</span></p>\r\n\r\n\r\n<figure id=\"attachment_3129\" aria-describedby=\"caption-attachment-3129\" class=\"wp-caption aligncenter\" style=\" margin-right: auto !important; margin-bottom: 1.5em; margin-left: auto !important; display: block; max-width: 100%; clear: both; text-align: center; padding-top: 5px; width: 1000px; color: rgb(97, 97, 97); font-family: &quot;open sans&quot;, arial, sans-serif; font-size: 15px; background-color: rgb(255, 255, 255)\"><img decoding=\"async\" loading=\"lazy\" class=\"wp-image-3129 size-full\" src=\"https://revelogue.com/wp-content/uploads/2019/12/mat-troi-moc-e1576772474940.jpeg\" alt=\"Hình ảnh đẹp trong Your name\" width=\"1000\" height=\"563\" style=\" height: auto; max-width: 100%; vertical-align: middle; min-height: 1px; margin: 0px 15px 15px 0px; position: relative; z-index: 100; border-radius: 8px\" /><figcaption id=\"caption-attachment-3129\" class=\"wp-caption-text\" style=\" display: block; font-size: 12px; text-align: left\"><span style=\" line-height: 17.6px; font-size: 16px; font-family: &quot;book antiqua&quot;, palatino, serif\"><em>Từng khung hình được chăm chút vô cùng tỉ mỉ.</em></span></figcaption></figure>\r\n\r\n\r\n<p style=\" margin: 0px 0px 15px; line-height: 1.8; color: rgb(97, 97, 97); font-family: &quot;open sans&quot;, arial, sans-serif; font-size: 15px; background-color: rgb(255, 255, 255)\"><span style=\" line-height: 19.8px; font-family: &quot;book antiqua&quot;, palatino, serif; font-size: 18px\">Hình ảnh trong phim thật sự phải nói là đẹp mê ly, dù chỉ là những con đường, ngôi làng hay trường học đơn sơ nhưng trong phim cảnh vật đều hiện lên vô cùng đẹp mắt. Những khung cảnh đền chùa nơi vùng quê Mitsuha sống hiện lên đầy thơ mộng, yên bình.</span></p>\r\n\r\n\r\n<figure id=\"attachment_3084\" aria-describedby=\"caption-attachment-3084\" class=\"wp-caption aligncenter\" style=\" margin-right: auto !important; margin-bottom: 1.5em; margin-left: auto !important; display: block; max-width: 100%; clear: both; text-align: center; padding-top: 5px; width: 1000px; color: rgb(97, 97, 97); font-family: &quot;open sans&quot;, arial, sans-serif; font-size: 15px; background-color: rgb(255, 255, 255)\"><img decoding=\"async\" loading=\"lazy\" class=\"wp-image-3084 size-full\" src=\"https://revelogue.com/wp-content/uploads/2019/12/your-name-review-e1576691260961.jpg\" alt=\"Mặt trời mọc \" width=\"1000\" height=\"566\" style=\" height: auto; max-width: 100%; vertical-align: middle; min-height: 1px; margin: 0px 15px 15px 0px; position: relative; z-index: 100; border-radius: 8px\" /><figcaption id=\"caption-attachment-3084\" class=\"wp-caption-text\" style=\" display: block; font-size: 12px; text-align: left\"><span style=\" line-height: 17.6px; font-size: 16px; font-family: &quot;book antiqua&quot;, palatino, serif\"><em>Những thước phim lộng lẫy và tuyệt đẹp.</em></span></figcaption></figure>\r\n\r\n\r\n<p style=\" margin: 0px 0px 15px; line-height: 1.8; color: rgb(97, 97, 97); font-family: &quot;open sans&quot;, arial, sans-serif; font-size: 15px; background-color: rgb(255, 255, 255)\"><span style=\" line-height: 19.8px; font-family: &quot;book antiqua&quot;, palatino, serif; font-size: 18px\">Một vẻ đẹp mơ màng đến mơ hồ. Quang cảnh mang cảm giác hư ảo như lúc nào cũng có một làn sương mỏng phủ lên, nhất là cảnh núi rừng nơi có đền thờ ngàn năm, thực sự đẹp đến mê hồn. Đặc biệt khung cảnh khi mà sao chổi rơi xuống ngôi làng Itomori vùng quê, nơi Mitsuha sống vào ngày lễ hội.</span></p>\r\n\r\n\r\n<figure id=\"attachment_3131\" aria-describedby=\"caption-attachment-3131\" class=\"wp-caption aligncenter\" style=\" margin-right: auto !important; margin-bottom: 1.5em; margin-left: auto !important; display: block; max-width: 100%; clear: both; text-align: center; padding-top: 5px; width: 1000px; color: rgb(97, 97, 97); font-family: &quot;open sans&quot;, arial, sans-serif; font-size: 15px; background-color: rgb(255, 255, 255)\"><img decoding=\"async\" loading=\"lazy\" class=\"wp-image-3131 size-full\" src=\"https://revelogue.com/wp-content/uploads/2019/12/mitsuha-nhin-sao-choi-roi-e1576772739168.jpg\" alt=\"Sao chổi rơi xuống ngôi làng Mítsuha sinh sống trong Your name\" width=\"1000\" height=\"563\" style=\" height: auto; max-width: 100%; vertical-align: middle; min-height: 1px; margin: 0px 15px 15px 0px; position: relative; z-index: 100; border-radius: 8px\" /><figcaption id=\"caption-attachment-3131\" class=\"wp-caption-text\" style=\" display: block; font-size: 12px; text-align: left\"><span style=\" line-height: 17.6px; font-size: 16px; font-family: &quot;book antiqua&quot;, palatino, serif\"><em>Hình ảnh sao chổi rơi xuống ngôi làng nơi Mitsuha sinh sống</em></span></figcaption></figure>\r\n\r\n\r\n<p style=\" margin: 0px 0px 15px; line-height: 1.8; color: rgb(97, 97, 97); font-family: &quot;open sans&quot;, arial, sans-serif; font-size: 15px; background-color: rgb(255, 255, 255)\"><span style=\" line-height: 19.8px; font-family: &quot;book antiqua&quot;, palatino, serif; font-size: 18px\">Đây là một trong những khoảnh khắc đong đầy cảm xúc, khung cảnh đẹp, quá đẹp, quá hùng vĩ nhưng sao nó lại thê lương đến vậy. Sức tàn phá khốc liệt của tự nhiên mà con người không thể làm gì để chống lại, một vẻ đẹp đến thắt lòng.</span></p>\r\n\r\n\r\n<p style=\" margin: 0px 0px 15px; line-height: 1.8; color: rgb(97, 97, 97); font-family: &quot;open sans&quot;, arial, sans-serif; font-size: 15px; background-color: rgb(255, 255, 255)\"><span style=\" line-height: 19.8px; font-family: &quot;book antiqua&quot;, palatino, serif; font-size: 18px\">Bạn có tin vào cái gọi là duyên số không?</span></p>\r\n\r\n\r\n<p style=\" margin: 0px 0px 15px; line-height: 1.8; color: rgb(97, 97, 97); font-family: &quot;open sans&quot;, arial, sans-serif; font-size: 15px; background-color: rgb(255, 255, 255)\"><span style=\" line-height: 19.8px; font-family: &quot;book antiqua&quot;, palatino, serif; font-size: 18px\">Hình ảnh sợi chỉ đỏ, tiếng Nhật là Akai ito trong văn hóa Nhật Bản nói chung, phương Đông nói riêng là sự ẩn dụ của nhân duyên. Sau cùng, nhân duyên chính là điều đọng lại với tất cả người xem sau khi rời khỏi màn hình.</span></p>\r\n\r\n\r\n<figure id=\"attachment_3083\" aria-describedby=\"caption-attachment-3083\" class=\"wp-caption aligncenter\" style=\" margin-right: auto !important; margin-bottom: 1.5em; margin-left: auto !important; display: block; max-width: 100%; clear: both; text-align: center; padding-top: 5px; width: 1000px; color: rgb(97, 97, 97); font-family: &quot;open sans&quot;, arial, sans-serif; font-size: 15px; background-color: rgb(255, 255, 255)\"><img decoding=\"async\" loading=\"lazy\" class=\"wp-image-3083\" src=\"https://revelogue.com/wp-content/uploads/2019/12/your-name-kimi-no-na-wa-300x169.jpg\" width=\"1000\" height=\"563\" style=\" height: auto; max-width: 100%; vertical-align: middle; min-height: 1px; margin: 0px 15px 15px 0px; position: relative; z-index: 100; border-radius: 8px\" /><figcaption id=\"caption-attachment-3083\" class=\"wp-caption-text\" style=\" display: block; font-size: 12px; text-align: left\"><span style=\" line-height: 17.6px; font-size: 16px; font-family: &quot;book antiqua&quot;, palatino, serif\"><em>Bạn có tin vào duyên số không?</em></span></figcaption></figure>', '2023-07-12 08:34:50', '2023-07-12 08:35:02'),
(26, 3, 'Gradient Descent in Machine Learning: A Basic Introduction', '<p><br /></p>\r\n<h2 id=\"8ce7\" style=\"box-sizing: inherit; font: 700 34px / 38px &quot;Barlow Condensed&quot;, sans-serif; margin: 0px 0px 24px; position: relative; color: rgb(4, 0, 63); clear: both; padding-bottom: 16px; overflow: hidden; background-color: rgb(255, 255, 255)\">How Gradient Descent Works</h2>\r\n<p style=\"box-sizing: inherit; margin: 0px 0px 24px; font: 400 18px / 30px Georgia; color: rgb(58, 59, 65); background-color: rgb(255, 255, 255)\">The equation below describes what the gradient descent algorithm does:<span>&nbsp;</span><em style=\"box-sizing: inherit\">b</em>&nbsp;is the next position of our climber, while<span>&nbsp;</span><em style=\"box-sizing: inherit\">a</em>&nbsp;represents his current position. The minus sign refers to the minimization part of the gradient descent algorithm. The gamma in the middle is a waiting factor and the gradient term ( Δf(a) ) is simply the direction of the steepest descent.</p>\r\n<figure style=\"box-sizing: inherit; display: block; margin: 0px 0px 24px; position: relative; color: rgb(58, 59, 65); font-family: Georgia; font-size: 18px; background-color: rgb(255, 255, 255)\"><figure style=\"box-sizing: inherit; display: block; margin: 0px 0px 24px; position: relative\"><img alt=\"gradient descent equation\" data-entity-type=\"file\" data-entity-uuid=\"4eaa7a3a-16eb-428a-b353-c8dd84ec549e\" src=\"https://builtin.com/sites/www.builtin.com/files/styles/ckeditor_optimize/public/inline-images/national/gradient-descent-equation.png\" width=\"1600\" height=\"332\" loading=\"lazy\" class=\"b-lazy updated-style-by-js b-loaded is-b-loaded\" style=\"box-sizing: inherit; max-width: 100%; height: auto; display: block; min-height: 1px; opacity: 1; max-height: none; border-radius: 5px; width: 1600px\" /><figcaption style=\"box-sizing: inherit; display: block; font: 400 12px / 1.33 Montserrat, Verdana, sans-serif; color: rgb(127, 131, 152); padding-top: 7px\">Image: Niklas Donges</figcaption></figure></figure>\r\n<p style=\"box-sizing: inherit; margin: 0px 0px 24px; font: 400 18px / 30px Georgia; color: rgb(58, 59, 65); background-color: rgb(255, 255, 255)\">So this formula basically tells us&nbsp;the next position we&nbsp;need to go, which is the direction of the steepest descent. Let’s look at another example to really drive the concept home.&nbsp;</p>\r\n<p style=\"box-sizing: inherit; margin: 0px 0px 24px; font: 400 18px / 30px Georgia; color: rgb(58, 59, 65); background-color: rgb(255, 255, 255)\">Imagine you have&nbsp;a machine learning problem and want to train your algorithm with gradient descent to minimize your cost-function<span>&nbsp;</span><em style=\"box-sizing: inherit\">J</em>(<em style=\"box-sizing: inherit\">w</em>,<span>&nbsp;</span><em style=\"box-sizing: inherit\">b</em>) and reach its local minimum by tweaking its parameters (<em style=\"box-sizing: inherit\">w</em><span>&nbsp;</span>and<span>&nbsp;</span><em style=\"box-sizing: inherit\">b</em>). The image below shows the horizontal axes representing the parameters (<em style=\"box-sizing: inherit\">w</em><span>&nbsp;</span>and<span>&nbsp;</span><em style=\"box-sizing: inherit\">b</em>), while&nbsp;the cost function<span>&nbsp;</span><em style=\"box-sizing: inherit\">J</em>(<em style=\"box-sizing: inherit\">w</em>,<span>&nbsp;</span><em style=\"box-sizing: inherit\">b</em>) is represented on the vertical axes. Gradient descent is a<span>&nbsp;</span><a href=\"https://builtin.com/data-science/metaheuristic-optimization-python\" target=\"_blank\" style=\"box-sizing: inherit; background-color: transparent; color: rgb(58, 59, 65); text-decoration: none; transition: color 0.2s linear 0s, background 0.2s linear 0s, border 0.2s linear 0s; font: 400 18px / 30px Georgia; border-bottom: 1px solid rgb(79, 226, 193)\">convex function</a>.</p>\r\n<figure style=\"box-sizing: inherit; display: block; margin: 0px 0px 24px; position: relative; color: rgb(58, 59, 65); font-family: Georgia; font-size: 18px; background-color: rgb(255, 255, 255)\"><img alt=\"gradient descent convex function\" data-entity-type=\"file\" data-entity-uuid=\"b3ae96b2-e507-4725-972f-2dc6020f995d\" src=\"https://builtin.com/sites/www.builtin.com/files/styles/ckeditor_optimize/public/inline-images/national/gradient-descent-convex-function.png\" width=\"1600\" height=\"1045\" loading=\"lazy\" class=\"b-lazy updated-style-by-js b-loaded is-b-loaded\" style=\"box-sizing: inherit; max-width: 100%; height: auto; display: block; min-height: 1px; opacity: 1; max-height: none; border-radius: 5px; width: 1600px\" /><figcaption style=\"box-sizing: inherit; display: block; font: 400 12px / 1.33 Montserrat, Verdana, sans-serif; color: rgb(127, 131, 152); padding-top: 7px\">Image: Niklas Donges</figcaption></figure>\r\n<p style=\"box-sizing: inherit; margin: 0px 0px 24px; font: 400 18px / 30px Georgia; color: rgb(58, 59, 65); background-color: rgb(255, 255, 255)\">We know we want to find the values of<span>&nbsp;</span><em style=\"box-sizing: inherit\">w</em>&nbsp;and<span>&nbsp;</span><em style=\"box-sizing: inherit\">b</em>&nbsp;that correspond to the minimum of the cost function (marked with the red arrow). To start finding the right values we initialize<span>&nbsp;</span><em style=\"box-sizing: inherit\">w</em>&nbsp;and<span>&nbsp;</span><em style=\"box-sizing: inherit\">b</em>&nbsp;with some random numbers. Gradient descent then starts at that point (somewhere around the top of our illustration), and it takes one step after another in the steepest downside direction (i.e., from the top to the bottom of the illustration) until&nbsp;it reaches the point where the<span>&nbsp;</span><a href=\"https://builtin.com/data-science/regression-machine-learning\" target=\"_blank\" style=\"box-sizing: inherit; background-color: transparent; color: rgb(58, 59, 65); text-decoration: none; transition: color 0.2s linear 0s, background 0.2s linear 0s, border 0.2s linear 0s; font: 400 18px / 30px Georgia; border-bottom: 1px solid rgb(79, 226, 193)\">cost function</a><span>&nbsp;</span>is as small as possible.</p>\r\n<p style=\"box-sizing: inherit; margin: 0px 0px 24px; font: 400 18px / 30px Georgia; color: rgb(58, 59, 65); background-color: rgb(255, 255, 255)\">&nbsp;</p>\r\n<h2 id=\"22c7\" style=\"box-sizing: inherit; font: 700 34px / 38px &quot;Barlow Condensed&quot;, sans-serif; margin: 0px 0px 24px; position: relative; color: rgb(4, 0, 63); clear: both; padding-bottom: 16px; overflow: hidden; background-color: rgb(255, 255, 255)\">Gradient Descent Learning&nbsp;Rate</h2>\r\n<p style=\"box-sizing: inherit; margin: 0px 0px 24px; font: 400 18px / 30px Georgia; color: rgb(58, 59, 65); background-color: rgb(255, 255, 255)\">How big the steps gradient descent takes into the direction of the local minimum are determined by the learning rate, which figures out how fast or slow we will move towards the optimal weights.</p>\r\n<p style=\"box-sizing: inherit; margin: 0px 0px 24px; font: 400 18px / 30px Georgia; color: rgb(58, 59, 65); background-color: rgb(255, 255, 255)\">For the gradient descent algorithm to reach the local minimum we must set the learning rate to an appropriate value, which is neither too low nor too high. This is important&nbsp;because if the steps it takes are too big, it may not&nbsp;reach the local minimum because it bounces back and forth between the convex function of gradient descent (see left image below). If we&nbsp;set the learning rate to a very small value, gradient descent will eventually reach the local minimum but that may take a while (see the right image).&nbsp;</p>\r\n<figure style=\"box-sizing: inherit; display: block; margin: 0px 0px 24px; position: relative; color: rgb(58, 59, 65); font-family: Georgia; font-size: 18px; background-color: rgb(255, 255, 255)\"><img alt=\"gradient descent learning rate\" data-entity-type=\"file\" data-entity-uuid=\"a6864369-29f9-4e77-93b6-46bf35d989d0\" src=\"https://builtin.com/sites/www.builtin.com/files/styles/ckeditor_optimize/public/inline-images/national/gradient-descent-learning-rate.png\" width=\"1600\" height=\"748\" loading=\"lazy\" class=\"b-lazy updated-style-by-js b-loaded is-b-loaded\" style=\"box-sizing: inherit; max-width: 100%; height: auto; display: block; min-height: 1px; opacity: 1; max-height: none; border-radius: 5px; width: 1600px\" /><figcaption style=\"box-sizing: inherit; display: block; font: 400 12px / 1.33 Montserrat, Verdana, sans-serif; color: rgb(127, 131, 152); padding-top: 7px\">Image: Niklas Donges</figcaption></figure>\r\n<p style=\"box-sizing: inherit; margin: 0px 0px 24px; font: 400 18px / 30px Georgia; color: rgb(58, 59, 65); background-color: rgb(255, 255, 255)\">So, the learning rate should never be too high or&nbsp;too low for this reason. You can check if your learning rate is doing well by plotting it on a graph.</p>\r\n<p style=\"box-sizing: inherit; margin: 0px 0px 24px; font: 400 18px / 30px Georgia; color: rgb(58, 59, 65); background-color: rgb(255, 255, 255)\">&nbsp;</p>\r\n<h2 id=\"666a\" style=\"box-sizing: inherit; font: 700 34px / 38px &quot;Barlow Condensed&quot;, sans-serif; margin: 0px 0px 24px; position: relative; color: rgb(4, 0, 63); clear: both; padding-bottom: 16px; overflow: hidden; background-color: rgb(255, 255, 255)\">How to Solve Gradient Descent Challenges&nbsp;</h2>\r\n<p style=\"box-sizing: inherit; margin: 0px 0px 24px; font: 400 18px / 30px Georgia; color: rgb(58, 59, 65); background-color: rgb(255, 255, 255)\">A good way to make sure the gradient descent algorithm runs properly is by plotting the cost function as the optimization runs. Put the number of iterations on the x-axis&nbsp;and the value of the cost function on&nbsp;the y-axis. This helps&nbsp;you see the value of your cost function after each iteration of gradient descent, and provides a way to easily spot how appropriate your learning rate is. You can just try different values for it and plot them all together. The left image below shows such a plot, while the image on the right illustrates&nbsp;the difference between good and bad learning rates.</p>\r\n<figure style=\"box-sizing: inherit; display: block; margin: 0px 0px 24px; position: relative; color: rgb(58, 59, 65); font-family: Georgia; font-size: 18px; background-color: rgb(255, 255, 255)\"><img alt=\"gradient descent learning rate plot\" data-entity-type=\"file\" data-entity-uuid=\"63682afa-07a4-4f0c-9084-ba63f5decc1c\" src=\"https://builtin.com/sites/www.builtin.com/files/styles/ckeditor_optimize/public/inline-images/national/gradient-descent-plot.png\" width=\"1600\" height=\"651\" loading=\"lazy\" class=\"b-lazy updated-style-by-js b-loaded is-b-loaded\" style=\"box-sizing: inherit; max-width: 100%; height: auto; display: block; min-height: 1px; opacity: 1; max-height: none; border-radius: 5px; width: 1600px\" /><figcaption style=\"box-sizing: inherit; display: block; font: 400 12px / 1.33 Montserrat, Verdana, sans-serif; color: rgb(127, 131, 152); padding-top: 7px\">Image: Niklas Donges</figcaption></figure>\r\n<p style=\"box-sizing: inherit; margin: 0px 0px 24px; font: 400 18px / 30px Georgia; color: rgb(58, 59, 65); background-color: rgb(255, 255, 255)\">If the gradient descent algorithm is working properly, the cost function should decrease after every iteration.</p>\r\n\r\n\r\n<br />', '2023-07-12 08:43:00', '2023-07-12 08:43:43'),
(27, 1, 'Lập trình viên là gì? Công việc của một lập trình viên', '<p>\r\n\r\n<h2 style=\" margin-bottom: 15px; color: rgb(93, 103, 122); font-family: Barlow, sans-serif; background-color: rgb(255, 255, 255); text-align: justify\"><strong style=\" font-weight: 700\"><span style=\" font-size: 18px\">1. Lập trình viên là ai?</span></strong></h2><p style=\" margin-bottom: 15px; color: rgb(93, 103, 122); font-family: Barlow, sans-serif; font-size: 16px; background-color: rgb(255, 255, 255); text-align: justify\">Lập trình viên (tiếng anh là Programmer) hay còn được gọi là Nhà phát triển (Developer – viết tắt là DEV). Đây là người sử dụng các ngôn ngữ lập trình để viết, sửa lỗi và cho chạy các đoạn mã nhằm tạo ra các phần mềm, ứng dụng có thể hoạt động trên các thiết bị điện thoại di động, máy tính,...<br /><br />Hiện nay có rất nhiều chức danh cho vị trí công việc này như:<br />- Kỹ sư phần mềm (Software Engineer).<br />- Nhà phát triển phần mềm (Software Developer).<br />- Lập trình viên máy tính (Computer Programmer).<br />- Lập trình viên phần mềm (Software Coder) hay gọi tắt là Coder.<br /><br />Lập trình viên cần phải biết rất nhiều kiến thức chuyên môn và các ngôn ngữ lập trình như C++, Java (J2EE), XML, Python,…</p><p style=\" margin-bottom: 15px; color: rgb(93, 103, 122); font-family: Barlow, sans-serif; font-size: 16px; background-color: rgb(255, 255, 255); text-align: center\"><img alt=\"Lập trình viên là gì? Công việc của một lập trình viên\" src=\"https://images.careerbuilder.vn/content/images/lap-trinh-vien-la-ai-careerbuilder.jpg\" style=\" border-style: none; vertical-align: middle; max-width: 100%; height: 400px; width: 600px\" /><br /><em><span style=\" text-align: justify\">Lập trình viên là ngành nghề đang “hot”, được nhiều bạn trẻ theo đuổi</span></em></p><h2 style=\" margin-bottom: 15px; color: rgb(93, 103, 122); font-family: Barlow, sans-serif; background-color: rgb(255, 255, 255); text-align: justify\"><span style=\" font-size: 18px\"><strong style=\" font-weight: 700\">2. Công việc của lập trình viên là gì?</strong></span></h2><p style=\" margin-bottom: 15px; color: rgb(93, 103, 122); font-family: Barlow, sans-serif; font-size: 16px; background-color: rgb(255, 255, 255); text-align: justify\">Công việc của lập trình viên thường bao gồm những nhiệm vụ:<br /><br />-&nbsp;Phối hợp với các bộ phận khác để đưa ra ý tưởng cho các mẫu thiết kế phần mềm, ứng dụng mới.<br />- Xây dựng phần mềm, ứng dụng mới bằng các ngôn ngữ lập trình thích hợp.<br />- Phát triển và xây dựng các tính năng mới cho ứng dụng.<br />- Nâng cấp phần mềm và các hệ thống để đảm bảo tính bảo mật và hiệu quả hơn.<br />- Phối hợp với các Content/Technical Writers để viết các tài liệu hỗ trợ người dùng.<br />- Kiểm tra và bảo trì các chương trình, ứng dụng định kỳ, tiến hành sửa lỗi khi có vấn đề xảy ra.</p><h2 style=\" margin-bottom: 15px; color: rgb(93, 103, 122); font-family: Barlow, sans-serif; background-color: rgb(255, 255, 255); text-align: justify\"><span style=\" font-size: 18px\"><strong style=\" font-weight: 700\">3. Những mảng công việc của lập trình viên</strong></span></h2><h3 style=\" margin-bottom: 15px; color: rgb(93, 103, 122); font-family: Barlow, sans-serif; background-color: rgb(255, 255, 255); text-align: justify\"><span style=\" font-size: 18px\"><strong style=\" font-weight: 700\">3.1 Lập trình web</strong></span></h3><p style=\" margin-bottom: 15px; color: rgb(93, 103, 122); font-family: Barlow, sans-serif; font-size: 16px; background-color: rgb(255, 255, 255); text-align: justify\">Lập trình web hay Web Developer là vị trí có nhiệm vụ nhận toàn bộ dữ liệu (giao diện web tĩnh) từ bộ phận thiết kế web để xây dựng một hệ thống website hoàn chỉnh có tương tác với cơ sở dữ liệu và tương tác với người dùng thông qua ngôn ngữ máy tính. Ngoài ra, nhân viên lập trình web cũng có thể đảm nhận thêm những nhiệm vụ như quản trị web, hỗ trợ kiểm tra các chỉ số web, bảo trì, nâng cấp các tính năng,... để website hoạt động tốt hơn.</p><p style=\" margin-bottom: 15px; color: rgb(93, 103, 122); font-family: Barlow, sans-serif; font-size: 16px; background-color: rgb(255, 255, 255); text-align: center\"><img alt=\"Lập trình viên là gì? Công việc của một lập trình viên\" src=\"https://images.careerbuilder.vn/content/images/nhung-mang-cong-viec-cua-lap-trinh-vien-careerbuilder.jpg\" style=\" border-style: none; vertical-align: middle; max-width: 100%; height: 400px; width: 600px\" /><br /><em><span style=\" text-align: justify\">Lập trình viên có thể xây dựng một hệ thống website hoàn chỉnh</span></em></p><h3 style=\" margin-bottom: 15px; color: rgb(93, 103, 122); font-family: Barlow, sans-serif; background-color: rgb(255, 255, 255); text-align: justify\"><span style=\" font-size: 18px\"><strong style=\" font-weight: 700\">3.2 Lập trình mobile</strong></span></h3><p style=\" margin-bottom: 15px; color: rgb(93, 103, 122); font-family: Barlow, sans-serif; font-size: 16px; background-color: rgb(255, 255, 255); text-align: justify\">Lập trình mobile hay Mobile Developer là những chuyên viên xây dựng, phát triển các ứng dụng trên các thiết bị di động sử dụng hệ điều hành Android, iOS,... Bên cạnh đó là không ngừng cải thiện và tối ưu hóa các ứng dụng này để đem lại cho người dùng trải nghiệm tốt nhất.</p><p style=\" margin-bottom: 15px; color: rgb(93, 103, 122); font-family: Barlow, sans-serif; font-size: 16px; background-color: rgb(255, 255, 255); text-align: center\"><img alt=\"Lập trình viên là gì? Công việc của một lập trình viên\" src=\"https://images.careerbuilder.vn/content/images/lap-trinh-mobile-careerbuilder.jpg\" style=\" border-style: none; vertical-align: middle; max-width: 100%; height: 400px; width: 600px\" /><br /><em><span style=\" text-align: justify\">Lập trình mobile sẽ xây dựng, phát triển các ứng dụng trên các thiết bị di động</span></em></p><h3 style=\" margin-bottom: 15px; color: rgb(93, 103, 122); font-family: Barlow, sans-serif; background-color: rgb(255, 255, 255); text-align: justify\"><span style=\" font-size: 18px\"><strong style=\" font-weight: 700\">3.3 Lập trình Embedded</strong></span></h3><p style=\" margin-bottom: 15px; color: rgb(93, 103, 122); font-family: Barlow, sans-serif; font-size: 16px; background-color: rgb(255, 255, 255); text-align: justify\">Trước tiên, bạn cần biết về hệ thống nhúng (Embedded System) bao gồm phần cứng (hardware), phần mềm (software) và phần sụn (firmware) được nhúng trong một hệ thống lớn hơn để thực hiện một chức năng cụ thể dựa trên bộ vi xử lý hoặc vi điều khiển. Cụ thể:<br /><br />-&nbsp;Embedded software là phần mềm ghi vào bộ nhớ của thiết bị, thực hiện các nhiệm vụ cấp cao như xử lý dữ liệu, tương tác với các thiết bị khác. Nó có thể được cập nhật, nâng cấp.<br /><br />-&nbsp;Firmware là chương trình hướng dẫn được ghi vào bộ nhớ của thiết bị với các nhiệm vụ cụ thể, thực hiện các nhiệm vụ cấp thấp như chuyển đổi tín hiệu cảm biến. Firmware thường không cần phải cập nhật.</p><p style=\" margin-bottom: 15px; color: rgb(93, 103, 122); font-family: Barlow, sans-serif; font-size: 16px; background-color: rgb(255, 255, 255); text-align: center\"><img alt=\"Lập trình viên là gì? Công việc của một lập trình viên\" src=\"https://images.careerbuilder.vn/content/images/lap-trinh-embedded-careerbuilder.jpg\" style=\" border-style: none; vertical-align: middle; max-width: 100%; height: 400px; width: 600px\" /><br /><em><span style=\" text-align: justify\">Lập trình Embedded giúp tạo ra các phần mềm điều khiển các thiết bị điện tử</span></em></p><p style=\" margin-bottom: 15px; color: rgb(93, 103, 122); font-family: Barlow, sans-serif; font-size: 16px; background-color: rgb(255, 255, 255); text-align: justify\">Vậy lập trình Embedded thường có nhiệm vụ sử dụng các ngôn ngữ lập trình để tạo ra các phần mềm Embedded software và firmware cho các thiết bị điện tử như đồ gia dụng, máy móc công nghiệp, ô tô, máy bay, máy bán hàng tự động,... Đây là vị trí đòi hỏi kiến thức sâu rộng về phần mềm và hệ thống.</p><h3 style=\" margin-bottom: 15px; color: rgb(93, 103, 122); font-family: Barlow, sans-serif; background-color: rgb(255, 255, 255); text-align: justify\"><span style=\" font-size: 18px\"><strong style=\" font-weight: 700\">3.4 Lập trình viên cơ sở dữ liệu&nbsp;</strong></span></h3><p style=\" margin-bottom: 15px; color: rgb(93, 103, 122); font-family: Barlow, sans-serif; font-size: 16px; background-color: rgb(255, 255, 255); text-align: justify\">Lập trình cơ sở dữ liệu hay lập trình database là vị trí chuyên về lập trình, vận hành và phát triển các hệ thống lưu trữ thông tin của các doanh nghiệp, công ty. Vì số lượng data lớn được lưu trữ nên lập trình viên sẽ cần thường xuyên bảo trì, nâng cấp hệ thống để đảm bảo tính an toàn, không xảy ra lỗi gây thất lạc thông tin.</p><p style=\" margin-bottom: 15px; color: rgb(93, 103, 122); font-family: Barlow, sans-serif; font-size: 16px; background-color: rgb(255, 255, 255); text-align: center\"><img alt=\"Lập trình viên là gì? Công việc của một lập trình viên\" src=\"https://images.careerbuilder.vn/content/images/lap-trinh-vien-co-so-du-lieu-careerbuilder.jpg\" style=\" border-style: none; vertical-align: middle; max-width: 100%; height: 400px; width: 600px\" /><br /><em><span style=\" text-align: justify\">Lập trình database chuyên xây dựng, phát triển hệ thống lưu trữ thông tin khổng lồ</span></em></p><h2 style=\" margin-bottom: 15px; color: rgb(93, 103, 122); font-family: Barlow, sans-serif; background-color: rgb(255, 255, 255); text-align: justify\"><span style=\" font-size: 18px\"><strong style=\" font-weight: 700\">4. Cơ hội và thách thức khi trở thành lập trình viên</strong></span></h2><h3 style=\" margin-bottom: 15px; color: rgb(93, 103, 122); font-family: Barlow, sans-serif; background-color: rgb(255, 255, 255); text-align: justify\"><span style=\" font-size: 18px\"><strong style=\" font-weight: 700\">4.1 Cơ hội</strong></span></h3><h4 style=\" margin-bottom: 15px; color: rgb(93, 103, 122); font-family: Barlow, sans-serif; font-size: 16px; background-color: rgb(255, 255, 255); text-align: justify\"><span style=\" font-size: 18px\"><strong style=\" font-weight: 700\">4.1.1 Nhu cầu tuyển dụng cao</strong></span></h4><p style=\" margin-bottom: 15px; color: rgb(93, 103, 122); font-family: Barlow, sans-serif; font-size: 16px; background-color: rgb(255, 255, 255); text-align: justify\">Hiện nay, nhu cầu về web, ứng dụng, phần mềm hệ thống ngày càng tăng dẫn đến các doanh nghiệp rất cần nguồn nhân lực để có thể tạo ra những sản phẩm này như các nhà lập trình. Bên cạnh cơ hội việc làm trong các tập đoàn công nghệ lớn, lập trình viên có thể lựa chọn làm việc tại các công ty game, ứng dụng di động, bộ phát triển kỹ thuật/IT của các công ty sản xuất,... Ngoài ra, nhiều lập trình viên còn nhận việc làm theo dự án, freelance khi rảnh tại nhà để tăng mức thu nhập.</p><h4 style=\" margin-bottom: 15px; color: rgb(93, 103, 122); font-family: Barlow, sans-serif; font-size: 16px; background-color: rgb(255, 255, 255); text-align: justify\"><span style=\" font-size: 18px\"><strong style=\" font-weight: 700\">4.1.2 Môi trường làm việc năng động, hiện đại</strong></span></h4><p style=\" margin-bottom: 15px; color: rgb(93, 103, 122); font-family: Barlow, sans-serif; font-size: 16px; background-color: rgb(255, 255, 255); text-align: justify\">Do đặc thù công việc được tiếp xúc nhiều với các thiết bị, công nghệ hiện đại, các lập trình viên luôn có cơ hội học hỏi, nâng cao kiến thức và kỹ năng của mình mỗi ngày. Với môi trường làm việc năng động, luôn biến đổi và đầy thử thách mới sẽ là cơ hội tuyệt vời cho các nhà phát triển thỏa sức khám phá.</p><p style=\" margin-bottom: 15px; color: rgb(93, 103, 122); font-family: Barlow, sans-serif; font-size: 16px; background-color: rgb(255, 255, 255); text-align: center\"><img alt=\"Lập trình viên là gì? Công việc của một lập trình viên\" src=\"https://images.careerbuilder.vn/content/images/co-hoi-tro-thanh-lap-trinh-vien-careerbuilder.jpg\" style=\" border-style: none; vertical-align: middle; max-width: 100%; height: 400px; width: 600px\" /><br /><em><span style=\" text-align: justify\">Môi trường làm việc năng động, hiện đại</span></em></p><h4 style=\" margin-bottom: 15px; color: rgb(93, 103, 122); font-family: Barlow, sans-serif; font-size: 16px; background-color: rgb(255, 255, 255); text-align: justify\"><span style=\" font-size: 18px\"><strong style=\" font-weight: 700\">4.1.3 Mức thu nhập hấp dẫn</strong></span></h4><p style=\" margin-bottom: 15px; color: rgb(93, 103, 122); font-family: Barlow, sans-serif; font-size: 16px; background-color: rgb(255, 255, 255); text-align: justify\">Mức lương lập trình viên bình quân hiện nay đang ở mức khá cao, rơi vào khoảng từ 500 - 2500 đô/tháng tùy theo năng lực và kinh nghiệm cá nhân. Đây đang là một trong những nghề mang lại mức thu nhập đáng mơ ước với nhiều người.</p><h3 style=\" margin-bottom: 15px; color: rgb(93, 103, 122); font-family: Barlow, sans-serif; background-color: rgb(255, 255, 255); text-align: justify\"><span style=\" font-size: 18px\"><strong style=\" font-weight: 700\">4.2 Thách thức, khó khăn</strong></span></h3><h4 style=\" margin-bottom: 15px; color: rgb(93, 103, 122); font-family: Barlow, sans-serif; font-size: 16px; background-color: rgb(255, 255, 255); text-align: justify\"><span style=\" font-size: 18px\"><strong style=\" font-weight: 700\">4.2.1 Áp lực công việc lớn</strong></span></h4><p style=\" margin-bottom: 15px; color: rgb(93, 103, 122); font-family: Barlow, sans-serif; font-size: 16px; background-color: rgb(255, 255, 255); text-align: justify\">Một vấn đề mà nghề lập trình viên thường hay gặp phải là áp lực công việc lớn do có rất nhiều đầu việc cần xử lý. Cùng với đó là luôn phải cập nhật kiến thức về công nghệ mới để phù hợp với thời đại. Vì vậy, nó chỉ phù hợp với những ai yêu thích thử thách, chịu được áp lực cao và có đam mê với nghề.</p><p style=\" margin-bottom: 15px; color: rgb(93, 103, 122); font-family: Barlow, sans-serif; font-size: 16px; background-color: rgb(255, 255, 255); text-align: center\"><img alt=\"Lập trình viên là gì? Công việc của một lập trình viên\" src=\"https://images.careerbuilder.vn/content/images/thach-thuc-tro-thanh-lap-trinh-vien-careerbuilder.jpg\" style=\" border-style: none; vertical-align: middle; max-width: 100%; height: 400px; width: 600px\" /><br /><em><span style=\" text-align: justify\">Nhà lập trình luôn phải đối mặt với áp lực công việc cao</span></em></p><h4 style=\" margin-bottom: 15px; color: rgb(93, 103, 122); font-family: Barlow, sans-serif; font-size: 16px; background-color: rgb(255, 255, 255); text-align: justify\"><span style=\" font-size: 18px\"><strong style=\" font-weight: 700\">4.2.2 Luôn luôn phải tìm tòi, học hỏi, cập nhật kiến thức mới trong nghề</strong></span></h4><p style=\" margin-bottom: 15px; color: rgb(93, 103, 122); font-family: Barlow, sans-serif; font-size: 16px; background-color: rgb(255, 255, 255); text-align: justify\">Trong thời đại 4.0 hiện nay, công nghệ luôn thay đổi mỗi ngày và để bắt kịp nó, các nhà lập trình cần phải luôn tìm tòi, học hỏi để nâng cao kiến thức, kỹ năng của mình. Đi cùng với nhu cầu tuyển dụng cao, đây cũng là nghề có mức đào thải cao nếu bạn không biết cập nhật kiến thức mỗi ngày để phát triển bản thân.</p>\r\n<br /></p>', '2023-07-12 08:46:47', '2023-07-12 08:46:47');

-- --------------------------------------------------------

--
-- Cấu trúc bảng cho bảng `comments`
--

CREATE TABLE `comments` (
  `id` bigint(20) UNSIGNED NOT NULL,
  `id_user` int(11) NOT NULL,
  `id_article` int(11) NOT NULL,
  `content` text COLLATE utf8mb4_unicode_ci NOT NULL,
  `created_at` timestamp NULL DEFAULT NULL,
  `updated_at` timestamp NULL DEFAULT NULL
) ENGINE=InnoDB DEFAULT CHARSET=utf8mb4 COLLATE=utf8mb4_unicode_ci;

--
-- Đang đổ dữ liệu cho bảng `comments`
--

INSERT INTO `comments` (`id`, `id_user`, `id_article`, `content`, `created_at`, `updated_at`) VALUES
(85, 1, 21, 'Mọi người thấy bài viết này thế nào . Có hay không ạ ❤❤❤❤❤', '2023-07-12 07:39:58', '2023-07-12 07:39:58'),
(86, 1, 20, 'Anh em thấy bài viết này thế nào . Chất lượng không nào !', '2023-07-12 08:19:03', '2023-07-12 08:19:03'),
(87, 1, 20, 'Lần sau ra thêm chủ đề mới về AI và Machine Learning nhé !!!', '2023-07-12 08:19:23', '2023-07-12 08:19:23'),
(88, 1, 22, 'Hay đấy bro . Quá đỉnh .', '2023-07-12 08:19:49', '2023-07-12 08:19:49'),
(89, 1, 22, 'Có định làm về NuxtJS không ?', '2023-07-12 08:19:58', '2023-07-12 08:19:58'),
(90, 1, 23, 'Bài viết khá kỹ đấy .', '2023-07-12 08:20:11', '2023-07-12 08:20:11'),
(91, 1, 23, 'Phù hợp với các bạn mới bắt đầu lập trình', '2023-07-12 08:20:21', '2023-07-12 08:20:21'),
(92, 5, 23, 'Bài viết hay quá ạ ❤❤❤✔✔😎😎😎', '2023-07-12 08:21:15', '2023-07-12 08:21:15'),
(93, 5, 22, 'Ngoài những cái kể trên thì Vuejs còn nhiều cái hay nữa !', '2023-07-12 08:21:40', '2023-07-12 08:21:47'),
(94, 5, 22, 'Mình sẽ làm thêm một bài kỹ hơn về Vuejs và có thể làm thêm một bài về NuxtJS ✔✔✔', '2023-07-12 08:22:16', '2023-07-12 08:22:16'),
(95, 5, 22, 'OK Văn Mạnh nha', '2023-07-12 08:22:28', '2023-07-12 08:22:28'),
(96, 5, 21, 'Hay quá Mạnh ơi ✔✔', '2023-07-12 08:22:53', '2023-07-12 08:22:53'),
(97, 5, 20, 'Good good', '2023-07-12 08:23:04', '2023-07-12 08:23:04'),
(98, 6, 23, 'Cảm ơn mọi người đã nhận xét nhá 💕', '2023-07-12 08:25:20', '2023-07-12 08:25:20'),
(99, 6, 22, 'Có làm về Backend không bạn', '2023-07-12 08:25:38', '2023-07-12 08:25:38'),
(100, 6, 20, 'Hay', '2023-07-12 08:25:50', '2023-07-12 08:25:50'),
(101, 7, 25, 'Thả ❤ để mình có động lực ra bài review mới nào ^^', '2023-07-12 08:35:34', '2023-07-12 08:35:34'),
(102, 7, 25, 'Chúc mọi người xem vui vẻ 💖💖💖', '2023-07-12 08:35:51', '2023-07-12 08:35:51'),
(103, 7, 23, '❤❤❤', '2023-07-12 08:36:25', '2023-07-12 08:36:25'),
(104, 7, 22, '❤❤❤', '2023-07-12 08:36:33', '2023-07-12 08:36:33'),
(105, 7, 21, 'Bài viết của anh hay quá ạ ❤❤❤', '2023-07-12 08:36:46', '2023-07-12 08:36:46'),
(106, 7, 20, 'Hay quá anh ơi ❤❤❤❤❤❤❤❤❤❤❤❤❤❤❤', '2023-07-12 08:36:57', '2023-07-12 08:36:57'),
(107, 3, 26, 'Bài viết mới về Gradient Descent', '2023-07-12 08:44:02', '2023-07-12 08:44:02'),
(108, 3, 26, 'Mọi người xem có gì cần góp ý không nào', '2023-07-12 08:44:15', '2023-07-12 08:44:15'),
(109, 3, 25, 'Phim này mình có xem rồi , khá là hay', '2023-07-12 08:44:28', '2023-07-12 08:44:28'),
(110, 3, 23, 'Hay đấy', '2023-07-12 08:44:36', '2023-07-12 08:44:36'),
(111, 3, 22, 'Tuyệt vời 🥰🥰🥰', '2023-07-12 08:44:58', '2023-07-12 08:44:58'),
(112, 3, 21, 'Bài viết hay quá ạ', '2023-07-12 08:45:10', '2023-07-12 08:45:10'),
(113, 3, 20, 'Hay quá anh ơi ❤❤❤❤', '2023-07-12 08:45:26', '2023-07-12 08:45:26'),
(114, 1, 27, 'Mọi người đọc thấy đúng chứ', '2023-07-12 08:47:06', '2023-07-12 08:47:06'),
(115, 1, 27, '❤❤❤❤❤❤', '2023-07-12 08:47:14', '2023-07-12 08:47:23'),
(116, 1, 26, 'Hay Cường', '2023-07-12 08:47:30', '2023-07-12 08:47:30'),
(117, 1, 26, '❤❤❤❤❤❤', '2023-07-12 08:47:43', '2023-07-12 08:47:43'),
(118, 1, 25, 'Hay quá em ơi kkk', '2023-07-12 08:47:57', '2023-07-12 08:47:57'),
(119, 1, 23, 'Good', '2023-07-12 08:48:03', '2023-07-12 08:48:03'),
(120, 1, 22, 'Ok mọi người ❤❤❤', '2023-07-12 08:48:20', '2023-07-12 08:48:37'),
(121, 1, 21, 'Ok Mọi người nhé 😎😎😎', '2023-07-12 08:49:00', '2023-07-12 08:49:00');

-- --------------------------------------------------------

--
-- Cấu trúc bảng cho bảng `failed_jobs`
--

CREATE TABLE `failed_jobs` (
  `id` bigint(20) UNSIGNED NOT NULL,
  `uuid` varchar(255) COLLATE utf8mb4_unicode_ci NOT NULL,
  `connection` text COLLATE utf8mb4_unicode_ci NOT NULL,
  `queue` text COLLATE utf8mb4_unicode_ci NOT NULL,
  `payload` longtext COLLATE utf8mb4_unicode_ci NOT NULL,
  `exception` longtext COLLATE utf8mb4_unicode_ci NOT NULL,
  `failed_at` timestamp NOT NULL DEFAULT current_timestamp()
) ENGINE=InnoDB DEFAULT CHARSET=utf8mb4 COLLATE=utf8mb4_unicode_ci;

-- --------------------------------------------------------

--
-- Cấu trúc bảng cho bảng `migrations`
--

CREATE TABLE `migrations` (
  `id` int(10) UNSIGNED NOT NULL,
  `migration` varchar(255) COLLATE utf8mb4_unicode_ci NOT NULL,
  `batch` int(11) NOT NULL
) ENGINE=InnoDB DEFAULT CHARSET=utf8mb4 COLLATE=utf8mb4_unicode_ci;

--
-- Đang đổ dữ liệu cho bảng `migrations`
--

INSERT INTO `migrations` (`id`, `migration`, `batch`) VALUES
(14, '2023_06_29_141218_add_github_id_to_users_table', 2),
(15, '2023_06_29_152133_add_id_github_to_users_table', 3),
(16, '2023_06_29_152523_add_google2_id_to_users_table', 4),
(19, '2014_10_12_000000_create_users_table', 5),
(20, '2014_10_12_100000_create_password_resets_table', 5),
(21, '2019_08_19_000000_create_failed_jobs_table', 5),
(22, '2023_06_29_075104_add_google_id_to_users_table', 5),
(23, '2023_06_29_152650_add_github_id_to_users_table', 5),
(24, '2023_06_30_150837_create_articles_table', 5),
(25, '2023_07_03_175735_add_username_avatar_gender_to_users', 5),
(26, '2023_07_11_062239_create_comments_table', 6);

-- --------------------------------------------------------

--
-- Cấu trúc bảng cho bảng `password_resets`
--

CREATE TABLE `password_resets` (
  `id` int(11) NOT NULL,
  `email` varchar(255) COLLATE utf8mb4_unicode_ci NOT NULL,
  `token` varchar(255) COLLATE utf8mb4_unicode_ci NOT NULL,
  `created_at` timestamp NULL DEFAULT NULL,
  `updated_at` timestamp NULL DEFAULT NULL
) ENGINE=InnoDB DEFAULT CHARSET=utf8mb4 COLLATE=utf8mb4_unicode_ci;

--
-- Đang đổ dữ liệu cho bảng `password_resets`
--

INSERT INTO `password_resets` (`id`, `email`, `token`, `created_at`, `updated_at`) VALUES
(5, 'giangdth@gmail.com', '0kcDbeL8fvHUoxe7l9BNkpWZLaOjg0Ru', '2023-07-04 12:26:25', '2023-07-04 12:27:30'),
(7, 'nguyenvanmanh2001it1@gmail.com', 'xojmrGXIg8zxzZNczs3x5u7iC9ucS5pO', '2023-07-05 06:12:21', '2023-07-05 06:12:21');

-- --------------------------------------------------------

--
-- Cấu trúc bảng cho bảng `users`
--

CREATE TABLE `users` (
  `id` bigint(20) UNSIGNED NOT NULL,
  `name` varchar(255) COLLATE utf8mb4_unicode_ci NOT NULL,
  `email` varchar(255) COLLATE utf8mb4_unicode_ci NOT NULL,
  `email_verified_at` timestamp NULL DEFAULT NULL,
  `password` varchar(255) COLLATE utf8mb4_unicode_ci DEFAULT NULL,
  `remember_token` varchar(100) COLLATE utf8mb4_unicode_ci DEFAULT NULL,
  `created_at` timestamp NULL DEFAULT NULL,
  `updated_at` timestamp NULL DEFAULT NULL,
  `google_id` varchar(255) COLLATE utf8mb4_unicode_ci DEFAULT NULL,
  `github_id` varchar(255) COLLATE utf8mb4_unicode_ci DEFAULT NULL,
  `username` varchar(255) COLLATE utf8mb4_unicode_ci NOT NULL,
  `avatar` varchar(255) COLLATE utf8mb4_unicode_ci DEFAULT NULL,
  `gender` tinyint(1) DEFAULT NULL
) ENGINE=InnoDB DEFAULT CHARSET=utf8mb4 COLLATE=utf8mb4_unicode_ci;

--
-- Đang đổ dữ liệu cho bảng `users`
--

INSERT INTO `users` (`id`, `name`, `email`, `email_verified_at`, `password`, `remember_token`, `created_at`, `updated_at`, `google_id`, `github_id`, `username`, `avatar`, `gender`) VALUES
(1, 'Nguyễn Văn Mạnh Pro Vip', 'nguyenvanmanh2001it1@gmail.com', NULL, '$2y$10$s5N5wfeu7B71OhNR8bzB2u5cd2wSyrJmWSy0ziV0oaSQNyTQbyPI6', NULL, '2023-07-03 11:55:56', '2023-07-04 12:28:31', '109722727162244891904', '81563451', 'hivanmanh', 'storage/Blog/image/avatars/nvm_1688423750.jpg', 1),
(2, 'Trương Ngọc Hương Giang', 'giangdth@gmail.com', NULL, '$2y$10$ArJ8T5W0Y61HXe4KEADLfeDxT3../MoamDkfsYRMi9YelpFfH2GPG', NULL, '2023-07-03 15:39:52', '2023-07-03 15:39:52', NULL, NULL, 'giang', 'storage/Blog/image/avatars/yang_1688423992.jpg', 0),
(3, 'Nguyễn Công Cường', 'pbl5.system.ai@gmail.com', NULL, NULL, NULL, '2023-07-03 15:40:30', '2023-07-12 08:40:21', '101623215337074578926', NULL, 'user_101623215337074578926', 'https://lh3.googleusercontent.com/a/AAcHTtdrGb8yght6CatrNYO7koe3XV7LrqOrBkloh05xX3uI9g=s96-c', 0),
(5, 'Nguyễn Văn Hoàng Phúc', 'vanmanh.dut@gmail.com', NULL, '$2y$10$EatFwl4ktGXktBcL2hy9lecYl8MbMxBEUm0xMZGXZHUKYG6ClUjXO', NULL, '2023-07-08 12:11:10', '2023-07-12 08:20:52', '100447366791857785327', NULL, 'user_100447366791857785327', 'storage/Blog/image/avatars/1680405821_1688977652.jpg', 0),
(6, 'Vô Thiên', 'buongtaynhenhang99@gmail.com', NULL, NULL, NULL, '2023-07-08 12:20:51', '2023-07-08 12:20:51', '110656888206613286806', NULL, 'user_110656888206613286806', 'https://lh3.googleusercontent.com/a/AAcHTtdvh2fdYrtJ_AHOoR4O_YjISmYfNtBVnE6P3jCgI5M=s96-c', NULL),
(7, 'Trương Ngọc Hương Giang', 'yearbook12b1@gmail.com', NULL, '$2y$10$F8t9YfgCMSD9Rl9yepHDdeZfeEDpJ4b1jh2zj/PVvN2r/Bqpz/38i', NULL, '2023-07-09 10:40:51', '2023-07-10 01:25:10', '117433192759794651404', NULL, 'giangdthcute', 'storage/Blog/image/avatars/DRE07857 (1)_1688976229.jpg', 1);

--
-- Chỉ mục cho các bảng đã đổ
--

--
-- Chỉ mục cho bảng `articles`
--
ALTER TABLE `articles`
  ADD PRIMARY KEY (`id`);

--
-- Chỉ mục cho bảng `comments`
--
ALTER TABLE `comments`
  ADD PRIMARY KEY (`id`);

--
-- Chỉ mục cho bảng `failed_jobs`
--
ALTER TABLE `failed_jobs`
  ADD PRIMARY KEY (`id`),
  ADD UNIQUE KEY `failed_jobs_uuid_unique` (`uuid`);

--
-- Chỉ mục cho bảng `migrations`
--
ALTER TABLE `migrations`
  ADD PRIMARY KEY (`id`);

--
-- Chỉ mục cho bảng `password_resets`
--
ALTER TABLE `password_resets`
  ADD PRIMARY KEY (`id`),
  ADD KEY `password_resets_email_index` (`email`);

--
-- Chỉ mục cho bảng `users`
--
ALTER TABLE `users`
  ADD PRIMARY KEY (`id`),
  ADD UNIQUE KEY `users_email_unique` (`email`),
  ADD UNIQUE KEY `users_username_unique` (`username`);

--
-- AUTO_INCREMENT cho các bảng đã đổ
--

--
-- AUTO_INCREMENT cho bảng `articles`
--
ALTER TABLE `articles`
  MODIFY `id` bigint(20) UNSIGNED NOT NULL AUTO_INCREMENT, AUTO_INCREMENT=28;

--
-- AUTO_INCREMENT cho bảng `comments`
--
ALTER TABLE `comments`
  MODIFY `id` bigint(20) UNSIGNED NOT NULL AUTO_INCREMENT, AUTO_INCREMENT=122;

--
-- AUTO_INCREMENT cho bảng `failed_jobs`
--
ALTER TABLE `failed_jobs`
  MODIFY `id` bigint(20) UNSIGNED NOT NULL AUTO_INCREMENT;

--
-- AUTO_INCREMENT cho bảng `migrations`
--
ALTER TABLE `migrations`
  MODIFY `id` int(10) UNSIGNED NOT NULL AUTO_INCREMENT, AUTO_INCREMENT=27;

--
-- AUTO_INCREMENT cho bảng `password_resets`
--
ALTER TABLE `password_resets`
  MODIFY `id` int(11) NOT NULL AUTO_INCREMENT, AUTO_INCREMENT=8;

--
-- AUTO_INCREMENT cho bảng `users`
--
ALTER TABLE `users`
  MODIFY `id` bigint(20) UNSIGNED NOT NULL AUTO_INCREMENT, AUTO_INCREMENT=8;
COMMIT;

/*!40101 SET CHARACTER_SET_CLIENT=@OLD_CHARACTER_SET_CLIENT */;
/*!40101 SET CHARACTER_SET_RESULTS=@OLD_CHARACTER_SET_RESULTS */;
/*!40101 SET COLLATION_CONNECTION=@OLD_COLLATION_CONNECTION */;
